"type","name","game_count"
"Developer","SEGA","786"
"Developer","Konami","525"
"Developer","Capcom","325"
"Developer","Taito","316"
"Developer","Namco","310"
"Developer","Nintendo","263"
"Developer","Data East","188"
"Developer","TOSE","172"
"Developer","SNK","169"
"Developer","Atari","134"
"Developer","Hudson Soft","121"
"Developer","Jaleco","114"
"Developer","Midway","103"
"Developer","Rareware","99"
"Developer","Natsume","99"
"Developer","Sunsoft","97"
"Developer","BlueSky Software","94"
"Developer","Tecmo","88"
"Developer","Koei","85"
"Developer","Irem","79"
"Developer","Beam Software","67"
"Developer","Electronic Arts","67"
"Developer","Sculptured Software","65"
"Developer","ADK","62"
"Developer","HAL Laboratory","62"
"Developer","Software Creations","61"
"Developer","Realtime Associates","60"
"Developer","Technos Japan","58"
"Developer","Ocean","56"
"Developer","Nichibutsu","54"
"Developer","Toaplan","53"
"Developer","Human Entertainment","53"
"Developer","Iguana Entertainment","52"
"Developer","Digital Eclipse","52"
"Developer","Vicarious Vision","52"
"Developer","Tengen","50"
"Developer","Probe Software","50"
"Developer","Compile","49"
"Developer","Atlus","48"
"Developer","Imagineer","48"
"Developer","Tiertex","48"
"Developer","Kaneko","47"
"Developer","Novotrade","46"
"Developer","Infogrames","45"
"Developer","Bandai","44"
"Developer","Bally Midway","43"
"Developer","Sonic Team","43"
"Developer","Banpresto","42"
"Developer","Treasure","42"
"Developer","Sachen","41"
"Developer","Codemasters","40"
"Developer","Virgin","40"
"Developer","Now Production","38"
"Developer","Climax","37"
"Developer","Graphic Research","36"
"Developer","Culture Brain","36"
"Developer","Park Place Productions","35"
"Developer","Visual Concepts","35"
"Developer","NMK","34"
"Developer","ASCII","33"
"Developer","Kemco","33"
"Developer","Ubisoft","33"
"Developer","Gray Matter","33"
"Developer","Visco","32"
"Developer","Mimi-Pro","32"
"Developer","Crawfish Interactive","32"
"Developer","Kindle Imagine Develop","31"
"Developer","Square","31"
"Developer","Altron","31"
"Developer","Intelligent Systems","30"
"Developer","Eurocom","30"
"Developer","Torus Games","30"
"Developer","Titus","29"
"Developer","Sims","29"
"Developer","High Score Productions","29"
"Developer","Accolade","28"
"Developer","Wolf Team","28"
"Developer","Bit Managers","27"
"Developer","Micronics","27"
"Developer","Exidy","26"
"Developer","Cave","26"
"Developer","Seibu Kaihatsu","26"
"Developer","Thin Chen Enterprise","26"
"Developer","Core Design","26"
"Developer","Traveller's Tales","26"
"Developer","SemiCom","25"
"Developer","Athena","25"
"Developer","T&amp;E Soft","25"
"Developer","SETA","24"
"Developer","Williams","24"
"Developer","Video System","24"
"Developer","Acclaim Entertainment","24"
"Developer","Saffire","24"
"Developer","Game Freak","23"
"Developer","Masaya Games","23"
"Developer","Headgames","23"
"Developer","Gremlin Graphics Software","22"
"Developer","Genki","22"
"Developer","Double Diamond Sports","22"
"Developer","Universal","21"
"Developer","Cinematronics","21"
"Developer","Comad","21"
"Developer","UPL","21"
"Developer","Advance Communication Company","21"
"Developer","Radical Entertainment","21"
"Developer","HectorSoft","21"
"Developer","SAS Sakata","21"
"Developer","Tectoy","21"
"Developer","Wayforward","21"
"Developer","Technosoft","20"
"Developer","Success","20"
"Developer","Super Pig","20"
"Developer","Gamtec","20"
"Developer","Tom Create","20"
"Developer","Sun L","20"
"Developer","Artificial Mind &amp; Movement","20"
"Developer","Psikyo","19"
"Developer","Atelier Double","19"
"Developer","Malibu Games","19"
"Developer","Color Dreams","18"
"Developer","Brøderbund Software","18"
"Developer","Game Arts","18"
"Developer","U.S. Gold","18"
"Developer","Activision","17"
"Developer","MicroProse","17"
"Developer","Aisystem Tokyo","17"
"Developer","Tomy","17"
"Developer","Marionette","17"
"Developer","Pack In Video","17"
"Developer","Pax Softnica","17"
"Developer","Kemco Limited","17"
"Developer","Chunsoft","17"
"Developer","GameTek","17"
"Developer","Probe Entertainment","17"
"Developer","Extended Play Productions","17"
"Developer","Devworks Game Technology","17"
"Developer","Magic Pockets","17"
"Developer","Yun Sung","16"
"Developer","Century Electronics","16"
"Developer","Westone","16"
"Developer","Hacker International","16"
"Developer","ITL","16"
"Developer","Interplay","16"
"Developer","Visual Impact","16"
"Developer","Sensible Software","16"
"Developer","Black Pearl Software","16"
"Developer","EA Sports","16"
"Developer","CRI","16"
"Developer","Brian A. Rice","16"
"Developer","Griptonite Games","16"
"Developer","Planet Interactive","16"
"Developer","Full Fat","16"
"Developer","Mitchell","15"
"Developer","Gaelco","15"
"Developer","bootleg","15"
"Developer","Arcadia Systems","15"
"Developer","Hot-B","15"
"Developer","Indies Soft","15"
"Developer","Wisdom Tree","15"
"Developer","Bits Studios","15"
"Developer","Virgin Interactive","15"
"Developer","Imagitec Design","15"
"Developer","Tarantula","15"
"Developer","Morning Star Multimedia","15"
"Developer","SEGA AM2","14"
"Developer","Sammy Corporation","14"
"Developer","Winky Soft","14"
"Developer","NMS Software","14"
"Developer","Pixel","14"
"Developer","LucasArts","14"
"Developer","Nippon Computer Systems (NCS)","14"
"Developer","Starfish","14"
"Developer","Funcom","14"
"Developer","Mindscape","14"
"Developer","Domark","14"
"Developer","Clockworks Entertainment","14"
"Developer","KCEO","14"
"Developer","Helixe","14"
"Developer","Stern","13"
"Developer","Eighting","13"
"Developer","Leland","13"
"Developer","Sigma Enterprises","13"
"Developer","Eolith","13"
"Developer","Takara","13"
"Developer","Loriciel","13"
"Developer","Quest","13"
"Developer","Arc System Works","13"
"Developer","Telenet","13"
"Developer","Pandora Box","13"
"Developer","Victor Interactive Software","13"
"Developer","Western Technologies","13"
"Developer","MTO Co","13"
"Developer","Renovation Products","13"
"Developer","Disney Interactive","13"
"Developer","Sting Entertainment","13"
"Developer","KCEJ","13"
"Developer","Handheld Games","13"
"Developer","Orca","12"
"Developer","Tamtex","12"
"Developer","Tehkan","12"
"Developer","Metro Corporation","12"
"Developer","IGS","12"
"Developer","Vic Tokai","12"
"Developer","Aicom Corporation","12"
"Developer","System Sacom","12"
"Developer","Bullet Proof Software","12"
"Developer","C Dream","12"
"Developer","Asmik","12"
"Developer","Epoch","12"
"Developer","Psygnosis","12"
"Developer","Megasoft","12"
"Developer","The Software Toolworks","12"
"Developer","Flying Edge","12"
"Developer","J-Wing","12"
"Developer","Jorudan","12"
"Developer","Delphine Software International","12"
"Developer","The Bitmap Brothers","12"
"Developer","Riot","12"
"Developer","Rage Software","12"
"Developer","Sintax","12"
"Developer","Diamond Head","12"
"Developer","Sanritsu Denki","11"
"Developer","Coreland","11"
"Developer","SunA","11"
"Developer","Home Data","11"
"Developer","Enix","11"
"Developer","SOFEL","11"
"Developer","Tokuma Shoten Intermedia","11"
"Developer","C-Lab","11"
"Developer","Another","11"
"Developer","Computer &amp; Entertainment","11"
"Developer","Bitmasters","11"
"Developer","Factor 5","11"
"Developer","Copya System","11"
"Developer","Argonaut Software","11"
"Developer","David A. Palmer Productions","11"
"Developer","Bullfrog","11"
"Developer","Pocket Studios","11"
"Developer","Amaze Entertainment","11"
"Developer","Mylstar Electronics","10"
"Developer","Allumer","10"
"Developer","Soft Pro International","10"
"Developer","LJN","10"
"Developer","Tokai Engineering","10"
"Developer","Million","10"
"Developer","GAME","10"
"Developer","Audiogenic Software","10"
"Developer","Nihon Falcom","10"
"Developer","Nintendo EAD","10"
"Developer","KAZe","10"
"Developer","The Code Monkeys","10"
"Developer","Viacom New Media","10"
"Developer","Vivid Image","10"
"Developer","Vic Tokai Corporation","10"
"Developer","Micronet","10"
"Developer","Chuanpu","10"
"Developer","DMA Design","10"
"Developer","NEON Software","10"
"Developer","Mass Media","10"
"Developer","Ubi Soft Entertainment","10"
"Developer","KCEK","10"
"Developer","HotGen","10"
"Developer","Virtucraft","10"
"Developer","Promat","9"
"Developer","Gremlin Industries","9"
"Developer","Incredible Technologies","9"
"Developer","NTDEC","9"
"Developer","Shouei","9"
"Developer","Bits Laboratory","9"
"Developer","Birthday","9"
"Developer","Angel","9"
"Developer","Varie","9"
"Developer","Unexpected Development","9"
"Developer","Blizzard Entertainment","9"
"Developer","Motivetime","9"
"Developer","BEC","9"
"Developer","Jupiter","9"
"Developer","MindSpan","9"
"Developer","Time Warner Interactive","9"
"Developer","Leland Interactive Media","9"
"Developer","Krisalis Software","9"
"Developer","Sterling Silver Software","9"
"Developer","Camelot Software Planning","9"
"Developer","Camelot Software","9"
"Developer","Mobius Entertainment","9"
"Developer","Gravity-i","9"
"Developer","Black Lantern","9"
"Developer","Skyworks Technologies","9"
"Developer","Independent Arts","9"
"Developer","Enerdyne Technologies","8"
"Developer","Philko","8"
"Developer","Raizing","8"
"Developer","A Wave Inc","8"
"Developer","Saurus","8"
"Developer","Thinking Rabbit","8"
"Developer","Bit","8"
"Developer","Coconuts Japan","8"
"Developer","Westwood  Studios","8"
"Developer","Use Corporation","8"
"Developer","Arc Developments Limited","8"
"Developer","SystemSoft","8"
"Developer","Lenar","8"
"Developer","Absolute Entertainment","8"
"Developer","Imagineering","8"
"Developer","Yutaka","8"
"Developer","Anco","8"
"Developer","New World Computing","8"
"Developer","Sales Curve","8"
"Developer","Pony Canyon","8"
"Developer","ORIGIN Systems","8"
"Developer","AI","8"
"Developer","Dice","8"
"Developer","Naxat Soft","8"
"Developer","Digital Kids","8"
"Developer","Data Design","8"
"Developer","Bonsai Entertainment","8"
"Developer","Digital Illusions","8"
"Developer","East Point Software","8"
"Developer","Alexandria","8"
"Developer","Playmates Interactive","8"
"Developer","Almanic","8"
"Developer","Neverland","8"
"Developer","Treyarch","8"
"Developer","Squaresoft","8"
"Developer","WARP","8"
"Developer","Infini Entertainment Technology","8"
"Developer","RFX Interactive","8"
"Developer","Rebellion","8"
"Developer","Xantera","8"
"Developer","DC Studios","8"
"Developer","Pipe Dream Interactive","8"
"Developer","Velez &amp; Dubail","8"
"Developer","Human Soft","8"
"Developer","Mistic Software","8"
"Developer","Webfoot Technologies","8"
"Developer","Gottlieb","7"
"Developer","Takumi","7"
"Developer","Zilec Games","7"
"Developer","Bally Sente","7"
"Developer","Zaccaria","7"
"Developer","Team Shinobi","7"
"Developer","Strata","7"
"Developer","Game Plan","7"
"Developer","Falcon","7"
"Developer","Hummingbird Soft","7"
"Developer","C&amp;E","7"
"Developer","Opera House","7"
"Developer","ISCO","7"
"Developer","Shimada Kikaku","7"
"Developer","Shouei System","7"
"Developer","DB Soft","7"
"Developer","Equilibrium","7"
"Developer","Soft Machine","7"
"Developer","Sandcastle","7"
"Developer","Graftgold Creative Software","7"
"Developer","Infinity","7"
"Developer","Tokyo Shoseki","7"
"Developer","Maxis Software","7"
"Developer","Access Games","7"
"Developer","Alpha Unit","7"
"Developer","Fujicom","7"
"Developer","Electronics Application","7"
"Developer","THQ","7"
"Developer","Acme Animation","7"
"Developer","Silicon &amp; Synapse","7"
"Developer","Zyrinx","7"
"Developer","Quintet","7"
"Developer","Human Club","7"
"Developer","Player 1","7"
"Developer","Left Field Productions","7"
"Developer","Konami Computer Entertainment","7"
"Developer","Powerhead Games","7"
"Developer","Sennari Interactive","7"
"Developer","Warthog","7"
"Developer","Wow Entertainment","7"
"Developer","Nd Cube","7"
"Developer","Afega","6"
"Developer","F2 System","6"
"Developer","C.P. Brain","6"
"Developer","Tecfri","6"
"Developer","American Game Cartridges","6"
"Developer","Romstar","6"
"Developer","Omori Electric","6"
"Developer","Playmark","6"
"Developer","A.I","6"
"Developer","Tad","6"
"Developer","Dooyong","6"
"Developer","Art","6"
"Developer","Sammy USA Corporation","6"
"Developer","Produce","6"
"Developer","Irem Corporation","6"
"Developer","HARD","6"
"Developer","Dual","6"
"Developer","Minato Giken","6"
"Developer","Distinctive Software","6"
"Developer","Teeny Weeny Games","6"
"Developer","Japan System Supply","6"
"Developer","Ukiyotei","6"
"Developer","Multimedia Intelligence Transfer","6"
"Developer","Affect","6"
"Developer","Daft","6"
"Developer","X BOY","6"
"Developer","Never Ending Soft Team","6"
"Developer","NuFX","6"
"Developer","Shiny Entertainment","6"
"Developer","Bizarre Creations","6"
"Developer","Gremlin Interactive","6"
"Developer","Sky Fallen","6"
"Developer","High Voltage","6"
"Developer","Magical Company","6"
"Developer","Kuusou Kagaku","6"
"Developer","JVC","6"
"Developer","The 3DO Company","6"
"Developer","Cryo Interactive","6"
"Developer","Point of View","6"
"Developer","Crystal Dynamics","6"
"Developer","Silicon Dreams","6"
"Developer","Paradigm Entertainment","6"
"Developer","Blitz Games","6"
"Developer","Avalanche Software","6"
"Developer","Tantalus Media","6"
"Developer","M4","6"
"Developer","Fluid","6"
"Developer","3d6 Games","6"
"Developer","Aqua Pacific","6"
"Developer","Runecraft","6"
"Developer","Will","6"
"Developer","Conspiracy Entertainment","6"
"Developer","Criterion Games","6"
"Developer","Humongous Entertainment","6"
"Developer","Raylight","6"
"Developer","Skip","6"
"Developer","Sensory Sweep","6"
"Developer","Inti Creates","6"
"Developer","First Star Software","5"
"Developer","ESD","5"
"Developer","TCH","5"
"Developer","Kyugo Boueki","5"
"Developer","Red Company Corporation","5"
"Developer","Valadon Automation","5"
"Developer","Yumekobo","5"
"Developer","FACE","5"
"Developer","Kouyousha","5"
"Developer","Arika","5"
"Developer","Tamsoft","5"
"Developer","Alpha Denshi","5"
"Developer","KCET","5"
"Developer","NG:Dev.Team","5"
"Developer","Microcabin","5"
"Developer","Idea-Tek","5"
"Developer","TXC","5"
"Developer","Hwang Shinwei","5"
"Developer","Twilight","5"
"Developer","Information Global Service","5"
"Developer","Mega Soft","5"
"Developer","Radiance Software","5"
"Developer","FarSight","5"
"Developer","System 3 Software","5"
"Developer","SOL","5"
"Developer","American Video Entertainment","5"
"Developer","Kid","5"
"Developer","Eastridge Technology","5"
"Developer","Random House","5"
"Developer","ASK Kodansha","5"
"Developer","Riedel Software","5"
"Developer","Japan Art Media","5"
"Developer","Jupiter Multimedia","5"
"Developer","Bits Studios","5"
"Developer","Halestorm","5"
"Developer","Supersonic Software","5"
"Developer","TamTam","5"
"Developer","Gaibrain","5"
"Developer","Spectrum Holobyte","5"
"Developer","Biox","5"
"Developer","Millennium Interactive","5"
"Developer","Ringler","5"
"Developer","Punk Development","5"
"Developer","Aprinet","5"
"Developer","Buena Vista Interactive","5"
"Developer","Vectordean","5"
"Developer","Hitmen Productions","5"
"Developer","Polygames","5"
"Developer","Technical Wave","5"
"Developer","Japan Media Programming","5"
"Developer","Nexus Interact","5"
"Developer","KSS","5"
"Developer","Syscom","5"
"Developer","Cream","5"
"Developer","Zoom","5"
"Developer","EA Canada","5"
"Developer","Metro 3D","5"
"Developer","Interprog","5"
"Developer","Yuke's","5"
"Developer","Budcat","5"
"Developer","Edge of Reality","5"
"Developer","Zed Two","5"
"Developer","AKI Corporation","5"
"Developer","Game Titan","5"
"Developer","Neko Entertainment","5"
"Developer","Ignition Entertainment","5"
"Developer","EFO SA / Cedar","4"
"Developer","Pacific Novelty","4"
"Developer","Ace Enterprise","4"
"Developer","Midcoin","4"
"Developer","Fuuki","4"
"Developer","East Technology","4"
"Developer","Tatsumi","4"
"Developer","Terminal Reality","4"
"Developer","Unicorn Group","4"
"Developer","Seatongrove","4"
"Developer","Warashi","4"
"Developer","Nihon Systems","4"
"Developer","The Game Room","4"
"Developer","Game Refuge","4"
"Developer","Santos","4"
"Developer","Racdym","4"
"Developer","Nova Games","4"
"Developer","Deniam","4"
"Developer","Xtalsoft","4"
"Developer","Daiei Seisakusho","4"
"Developer","Vap","4"
"Developer","Scorpion Soft","4"
"Developer","Scitron","4"
"Developer","Bothtec","4"
"Developer","Musical Plan","4"
"Developer","Odyssey Software","4"
"Developer","Disco","4"
"Developer","Toho Company","4"
"Developer","Data East Company","4"
"Developer","Joy Van","4"
"Developer","Painting by Numbers","4"
"Developer","Interlink","4"
"Developer","B.I.T.S.","4"
"Developer","Artech Studios","4"
"Developer","Cinemaware","4"
"Developer","Agenda","4"
"Developer","Namcot","4"
"Developer","Act Japan","4"
"Developer","Kan's","4"
"Developer","Foley","4"
"Developer","Sega CS1","4"
"Developer","WJS Design","4"
"Developer","Riot Games","4"
"Developer","Technopop","4"
"Developer","Parker Brothers","4"
"Developer","Loriciels","4"
"Developer","System Vision","4"
"Developer","DVS Electronic","4"
"Developer","Park Place Production Team","4"
"Developer","AV Artisan","4"
"Developer","GAU Entertainment","4"
"Developer","Peakstar Software","4"
"Developer","Sony","4"
"Developer","Blue Sky Software","4"
"Developer","Reflections Interactive","4"
"Developer","Seismic","4"
"Developer","Microforum International","4"
"Developer","Jar Head Games","4"
"Developer","PanelComp","4"
"Developer","A-Max","4"
"Developer","Vistec","4"
"Developer","Kalisto","4"
"Developer","Media Entertainment","4"
"Developer","Ecole","4"
"Developer","Looking Glass","4"
"Developer","Z-Axis","4"
"Developer","EA Tiburon","4"
"Developer","Titanium","4"
"Developer","Boss Game","4"
"Developer","Light &amp; Shadow Productions (LSP)","4"
"Developer","Pukka Games","4"
"Developer","7th Sense","4"
"Developer","DAG","4"
"Developer","Nekogumi","4"
"Developer","ITE Media","4"
"Developer","Studio Saizensen","4"
"Developer","Aspect","4"
"Developer","Alpha Dream","4"
"Developer","Paragon Software","4"
"Developer","Lost Boys Games","4"
"Developer","JV Games","4"
"Developer","Smilebit","4"
"Developer","Krome","4"
"Developer","Atomic Planet Entertainment","4"
"Developer","Razorback Developments","4"
"Developer","Hothouse Creations","4"
"Developer","Halfbrick","4"
"Developer","DSI Games","4"
"Developer","Dimps","4"
"Developer","Vast Fame","4"
"Developer","Exient Entertainment","4"
"Developer","Shin'en Multimedia","4"
"Developer","Pocketeers","4"
"Developer","Gorilla Systems","4"
"Developer","Unico","3"
"Developer","Amenip","3"
"Developer","Artic Computing","3"
"Developer","Hoei","3"
"Developer","Dinamic Software","3"
"Developer","Nazca","3"
"Developer","Jetsoft","3"
"Developer","Shinkai","3"
"Developer","Toei Animation","3"
"Developer","Taiyo","3"
"Developer","Kyle Hodgetts","3"
"Developer","Shoeisha","3"
"Developer","Venture Line","3"
"Developer","Sekarabe","3"
"Developer","V-System Co.","3"
"Developer","Electronic Devices Italy","3"
"Developer","Epos","3"
"Developer","Wave","3"
"Developer","Limenko","3"
"Developer","Wood Place","3"
"Developer","LAI Games","3"
"Developer","Rock-Ola","3"
"Developer","dgPIX Entertainment","3"
"Developer","Dong Sung","3"
"Developer","Excellent System","3"
"Developer","Noise Factory","3"
"Developer","Barcrest","3"
"Developer","Synapse Software","3"
"Developer","Carry Soft","3"
"Developer","Active Enterprises","3"
"Developer","Strategic Simulations","3"
"Developer","Codemasters Software","3"
"Developer","ZAP","3"
"Developer","Softie","3"
"Developer","Winkysoft","3"
"Developer","Rare","3"
"Developer","Microsmiths","3"
"Developer","Towa Chiki","3"
"Developer","Fuzhou Waixing","3"
"Developer","Bethesda Softworks","3"
"Developer","Marvelous Interactive","3"
"Developer","Geo Factory","3"
"Developer","Gametec","3"
"Developer","Source Research &amp; Development","3"
"Developer","Riverhillsoft","3"
"Developer","Seika","3"
"Developer","EIM","3"
"Developer","Tahoe","3"
"Developer","Zippo Games","3"
"Developer","Epyx","3"
"Developer","Minakuchi Engineering","3"
"Developer","OeRSTED","3"
"Developer","Sony Imagesoft","3"
"Developer","Eurocom Developments","3"
"Developer","Denton Designs","3"
"Developer","Teque","3"
"Developer","Ocarina System","3"
"Developer","Tomcat System","3"
"Developer","Designer Software","3"
"Developer","Natsu System","3"
"Developer","Betop","3"
"Developer","Inter State","3"
"Developer","Bottom Up Interactive","3"
"Developer","Enigma Variations","3"
"Developer","Virtual Studio","3"
"Developer","Fupac","3"
"Developer","Tecmagik","3"
"Developer","SKOB","3"
"Developer","GTE Entertainment","3"
"Developer","Lankhor","3"
"Developer","Omiya Soft","3"
"Developer","Mutant Productions","3"
"Developer","Arsys Software","3"
"Developer","Soren Gronbech","3"
"Developer","Arena Entertainment","3"
"Developer","Recreational Brainware","3"
"Developer","Syrox Developments","3"
"Developer","Givro","3"
"Developer","id Software","3"
"Developer","Monolith","3"
"Developer","RSP","3"
"Developer","Red Entertainment","3"
"Developer","Alfa System","3"
"Developer","Arcade Zone","3"
"Developer","Manley &amp; Associates","3"
"Developer","Tiburon Entertainment","3"
"Developer","Ving","3"
"Developer","MBL Research","3"
"Developer","Burst","3"
"Developer","H20 Interactive","3"
"Developer","Fox Interactive","3"
"Developer","Interactive Studios","3"
"Developer","VIS Entertainment","3"
"Developer","Stormfront Studios","3"
"Developer","Infinite Ventures","3"
"Developer","Attention To Detail (ATD)","3"
"Developer","Doki Denki","3"
"Developer","Luxoflux","3"
"Developer","2n Productions","3"
"Developer","Ed Magnin and Associates","3"
"Developer","Rokumendo","3"
"Developer","Lucky Chicken Games","3"
"Developer","BVM Produktion","3"
"Developer","Game Brains","3"
"Developer","Dreams","3"
"Developer","Spellbound","3"
"Developer","Game Village","3"
"Developer","NAPS Team","3"
"Developer","Alpha-Unit","3"
"Developer","KnowWonder Digital Mediaworks","3"
"Developer","Red 5 Software","3"
"Developer","Similis Software","3"
"Developer","Jester Interactive","3"
"Developer","Elo Interactive Media","3"
"Developer","Cosmigo","3"
"Developer","Vision Works","3"
"Developer","Spike Co","3"
"Developer","Milestone","3"
"Developer","Hitmaker","3"
"Developer","Playmore","3"
"Developer","Red Storm Entertainment","3"
"Developer","No Cliché","3"
"Developer","Frame Studios Interactive","3"
"Developer","Sirius Games","3"
"Developer","Cave Barn","3"
"Developer","Graphic State Games","3"
"Developer","Marvelous Entertainment","3"
"Developer","OutLook Entertainment","3"
"Developer","Pronto Games","3"
"Developer","Artoon","3"
"Developer","Telegames","3"
"Developer","Gorilla","3"
"Developer","Retro","3"
"Developer","Meadows Games","2"
"Developer","Techstar","2"
"Developer","Hanaho Games","2"
"Developer","Merit Software","2"
"Developer","SNK Playmore","2"
"Developer","Min","2"
"Developer","Etona","2"
"Developer","ATW","2"
"Developer","Pallas","2"
"Developer","Meadows","2"
"Developer","Armenia","2"
"Developer","Allied Leisure","2"
"Developer","Gazelle","2"
"Developer","Virgin Games","2"
"Developer","Cidelsa","2"
"Developer","Tago Electronics","2"
"Developer","Able","2"
"Developer","Tong Electronic","2"
"Developer","TDS","2"
"Developer","D.G.R.M.","2"
"Developer","ABM Games","2"
"Developer","Ashby Computers and Graphics","2"
"Developer","BMC","2"
"Developer","Signatron USA","2"
"Developer","Hot Lava Games","2"
"Developer","Seibu Denshi","2"
"Developer","Icarus","2"
"Developer","Senko","2"
"Developer","Yona Tech","2"
"Developer","Vectorbeam","2"
"Developer","Dynax","2"
"Developer","Vid Kidz","2"
"Developer","Sun Electronics","2"
"Developer","Unico Electronics","2"
"Developer","Gameace","2"
"Developer","Rocket Science Games","2"
"Developer","BPS","2"
"Developer","Chuo","2"
"Developer","Enteractive","2"
"Developer","Barko","2"
"Developer","MEGA Enterprise","2"
"Developer","Milton Bradley Co.","2"
"Developer","Nasco Japan","2"
"Developer","Nics","2"
"Developer","Magic Electronics","2"
"Developer","NIX","2"
"Developer","D. Gottlieb &amp; Co.","2"
"Developer","Aorn","2"
"Developer","Evoga / Playmore","2"
"Developer","Eastern Micro Electronics","2"
"Developer","Crux","2"
"Developer","Sega AM1","2"
"Developer","Advanced Microcomputer Systems","2"
"Developer","Wild","2"
"Developer","Software Resources International","2"
"Developer","JV Dialog","2"
"Developer","Bear's","2"
"Developer","East Cube","2"
"Developer","Casio","2"
"Developer","Artdink","2"
"Developer","Source the Software House","2"
"Developer","AIM","2"
"Developer","Newtopia Planning","2"
"Developer","Hummer Team","2"
"Developer","Victor Entertainment","2"
"Developer","Camerica","2"
"Developer","California Dreams","2"
"Developer","Caltron","2"
"Developer","EduBank","2"
"Developer","Chris Gray Enterprises","2"
"Developer","Ancient","2"
"Developer","Micro Genius","2"
"Developer","Mindscape International","2"
"Developer","Daou Infosys","2"
"Developer","Make Software","2"
"Developer","M2","2"
"Developer","Tokuma Shoten","2"
"Developer","Hyperware","2"
"Developer","Toho","2"
"Developer","Armor Project","2"
"Developer","Tokai Engineering","2"
"Developer","Open","2"
"Developer","Plex","2"
"Developer","Zemina","2"
"Developer","Henggedianzi","2"
"Developer","Crea-tech","2"
"Developer","The Oliver Twins","2"
"Developer","The Assembly Line","2"
"Developer","American Softworks","2"
"Developer","Kitty Group","2"
"Developer","Palcom","2"
"Developer","Character Soft","2"
"Developer","Scap Trust","2"
"Developer","Chat Noir","2"
"Developer","Sonata","2"
"Developer","Rainbow Arts","2"
"Developer","Various","2"
"Developer","THQ Software","2"
"Developer","Game","2"
"Developer","Sir-tech Software","2"
"Developer","Cyclone System","2"
"Developer","Royal Kougyou","2"
"Developer","Phoenix Japan","2"
"Developer","Sigma Pro-Tech","2"
"Developer","Dark Technologies","2"
"Developer","Solid Software","2"
"Developer","Code Monkeys","2"
"Developer","Zoo","2"
"Developer","Magnin &amp; Associates","2"
"Developer","Twilight Games","2"
"Developer","Imagesoft","2"
"Developer","Falcom","2"
"Developer","Arena Graphics","2"
"Developer","Xanth Software","2"
"Developer","Major A","2"
"Developer","Publishing International","2"
"Developer","Freeqsoft","2"
"Developer","Zener Works","2"
"Developer","Argonaut Games","2"
"Developer","I'Max","2"
"Developer","Creatures","2"
"Developer","Spidersoft","2"
"Developer","Spidersoft Limited","2"
"Developer","Ultra Games","2"
"Developer","Amble","2"
"Developer","Millenium Interactive","2"
"Developer","Hookstone","2"
"Developer","Nintendo R&amp;D1","2"
"Developer","Microniccs","2"
"Developer","Mirrorsoft","2"
"Developer","Tempest Software","2"
"Developer","Fox Williams","2"
"Developer","Bits of Magic","2"
"Developer","Ma-Ba","2"
"Developer","CSK Research Institute","2"
"Developer","Creaton Softech","2"
"Developer","XYZ","2"
"Developer","Miky","2"
"Developer","Taiwan Information","2"
"Developer","Ballistic","2"
"Developer","Interactive Designs","2"
"Developer","JSH","2"
"Developer","Sage's Creation","2"
"Developer","Renegade Software","2"
"Developer","Virgin Interactive Entertainment","2"
"Developer","Eden Entertainment Software","2"
"Developer","Kodansha","2"
"Developer","Family Soft","2"
"Developer","Apache","2"
"Developer","Sprytes","2"
"Developer","Synergistic Software","2"
"Developer","Sigma-team","2"
"Developer","Front Street Publishing","2"
"Developer","Micro World","2"
"Developer","Acid","2"
"Developer","ToeJam &amp; Earl Productions","2"
"Developer","Mentrix Software","2"
"Developer","Abalone","2"
"Developer","Blue Turtle","2"
"Developer","Rutubo Games","2"
"Developer","Big Bang Software","2"
"Developer","Yanoman Games","2"
"Developer","WaveQuest","2"
"Developer","Axes Art Amuse","2"
"Developer","Engine Software","2"
"Developer","Earthly Soft","2"
"Developer","Heart Beat","2"
"Developer","Triffix","2"
"Developer","Prism Kikaku","2"
"Developer","Open System","2"
"Developer","Mebio Software","2"
"Developer","CAProduction","2"
"Developer","Kotobuki System","2"
"Developer","J-Force","2"
"Developer","Flair Software","2"
"Developer","Eletronic Co","2"
"Developer","Mirage Technologies","2"
"Developer","TNN","2"
"Developer","Tri-Ace","2"
"Developer","Illusion Softworks","2"
"Developer","Technic(TGL) Technical Group Laboratory","2"
"Developer","Titus Software","2"
"Developer","Advanced Productions","2"
"Developer","Media Rings","2"
"Developer","Zono","2"
"Developer","Game Studio","2"
"Developer","Societa Daikanyama","2"
"Developer","Sega CS","2"
"Developer","Yoshimoto Kogyo","2"
"Developer","Soft Office","2"
"Developer","Xing Entertainment","2"
"Developer","General Entertainment","2"
"Developer","Four Winds Software","2"
"Developer","Yumedia","2"
"Developer","Lobotomy Software","2"
"Developer","Cunning Developments","2"
"Developer","NexTech","2"
"Developer","Prolific Publishing","2"
"Developer","Smart Dog","2"
"Developer","Terraglyph Interactive Studios","2"
"Developer","Gratuitous Games","2"
"Developer","Pacific Coast Power &amp; Light","2"
"Developer","Locomotive","2"
"Developer","Amtex","2"
"Developer","Snowblind","2"
"Developer","Eden","2"
"Developer","Kodiak Interactive","2"
"Developer","OMEGA Force","2"
"Developer","Hyperspace Cowgirls","2"
"Developer","LiveMedia UK","2"
"Developer","Vatical Entertainment","2"
"Developer","Konami Computer Entertainment Nagoya","2"
"Developer","Denki","2"
"Developer","SkyRank Games","2"
"Developer","Sandbox","2"
"Developer","Kritzelkratz 3000","2"
"Developer","Pipedream Interactive","2"
"Developer","Studio VeX","2"
"Developer","Software 2000","2"
"Developer","Studio 3","2"
"Developer","Wanadoo Edition","2"
"Developer","Graphic State Limited","2"
"Developer","Interactive Imagination","2"
"Developer","Darkblack","2"
"Developer","Digital Creations","2"
"Developer","Kritzelkratz","2"
"Developer","Suntek","2"
"Developer","Bottom Up Interactive","2"
"Developer","Dream Japan","2"
"Developer","M2TO","2"
"Developer","Eleven Strong","2"
"Developer","Enterbrain","2"
"Developer","Broadsword Interactive","2"
"Developer","World Tree Games Productions","2"
"Developer","Darkworks","2"
"Developer","Bimboosoft","2"
"Developer","G.Rev","2"
"Developer","Amuze AB","2"
"Developer","United Game Artists","2"
"Developer","Tantalus","2"
"Developer","Neversoft Entertainment","2"
"Developer","Digital Anvil","2"
"Developer","Climax Entertainment","2"
"Developer","Vivarium","2"
"Developer","Gainax","2"
"Developer","Overworks","2"
"Developer","Pitbull Syndicate","2"
"Developer","Amusement Vision","2"
"Developer","Appaloosa Interactive","2"
"Developer","Softmax","2"
"Developer","Mobile 21","2"
"Developer","Hokus Pokus","2"
"Developer","1st Playable Productions","2"
"Developer","Backbone Entertainment","2"
"Developer","Zoo Digital Publishing","2"
"Developer","Cinegroupe","2"
"Developer","Imagine Engine","2"
"Developer","Super Empire","2"
"Developer","Square Enix","2"
"Developer","InterActive Vision Games","2"
"Developer","Lucky Jump","2"
"Developer","EA Games","2"
"Developer","Orbital Media","2"
"Developer","Exient","2"
"Developer","Brownie Brown","2"
"Developer","Barking Lizards","2"
"Developer","Taniko","2"
"Developer","GXB Interactive","2"
"Developer","Apex Designs","2"
"Developer","Sproing","2"
"Developer","Tuna Technologies","2"
"Developer","Humagade","2"
"Developer","Nex Entertainment","2"
"Developer","Nippon Telenet","2"
"Developer","Flight Plan","2"
"Developer","Backbone Emeryville","2"
"Developer","Crave Entertainment","2"
"Developer","Amedio","2"
"Developer","Wintechno","1"
"Developer","Kitronix","1"
"Developer","Bee-Oh","1"
"Developer","Dynamic PL","1"
"Developer","Epos Corporation (Photar Industries license)","1"
"Developer","Game Plan (Centuri license)","1"
"Developer","Seibu","1"
"Developer","First Amusement","1"
"Developer","Yih Lung","1"
"Developer","Elettronica Video-Games","1"
"Developer","Amutech","1"
"Developer","Current Technologies","1"
"Developer","Alpha","1"
"Developer","Daigom","1"
"Developer","Yachiyo Denki","1"
"Developer","Space","1"
"Developer","International Computer Entertainment","1"
"Developer","Sun","1"
"Developer","Coleco Industries","1"
"Developer","Electronic Devices Italy / 3D Games England","1"
"Developer","Tung Sheng Electronics","1"
"Developer","Seo Jin","1"
"Developer","Tecfri / Desystem S.A.","1"
"Developer","Du Tech","1"
"Developer","IDSA","1"
"Developer","E-Scape EnterMedia","1"
"Developer","GPL","1"
"Developer","Palco","1"
"Developer","Duncan Brown","1"
"Developer","Forbes?","1"
"Developer","Vision Electronics","1"
"Developer","Pacific Kougyou","1"
"Developer","Excellent Systems","1"
"Developer","Leijac","1"
"Developer","Electronic Games Systems","1"
"Developer","Ryoto Electric Co.","1"
"Developer","Tim Stryker","1"
"Developer","Rait Electronics","1"
"Developer","Tirano","1"
"Developer","Goodhouse","1"
"Developer","Comsoft","1"
"Developer","Sony Computer Entertainment","1"
"Developer","Dynasoft","1"
"Developer","Zeus Software","1"
"Developer","Mama Top","1"
"Developer","Kiwako","1"
"Developer","Cheil Computer System","1"
"Developer","Duintronic","1"
"Developer","K1 Soft","1"
"Developer","Will Wright","1"
"Developer","Arcade Engineering","1"
"Developer","WSAC Systems","1"
"Developer","Dave Nutting Associates","1"
"Developer","Bordun International","1"
"Developer","Syrmex","1"
"Developer","Akira","1"
"Developer","Project Soul","1"
"Developer","Buena Vision","1"
"Developer","Itisa","1"
"Developer","RamTek","1"
"Developer","Axela","1"
"Developer","Art &amp; Magic","1"
"Developer","The New Image","1"
"Developer","Nuova Videotron","1"
"Developer","GM Shoji","1"
"Developer","Nasco","1"
"Developer","Haesung","1"
"Developer","Omega System","1"
"Developer","Nintendo IRD","1"
"Developer","Hara","1"
"Developer","NTC","1"
"Developer","Kee Games","1"
"Developer","Moloney Manufacturing","1"
"Developer","Pesina","1"
"Developer","Graphic Techno","1"
"Developer","RDI Video Systems","1"
"Developer","T.I.C.","1"
"Developer","Primetek Investments","1"
"Developer","Raster Elite","1"
"Developer","Yuvo","1"
"Developer","Deca Entertainment","1"
"Developer","Novomatic","1"
"Developer","MTM Games","1"
"Developer","SoftClub","1"
"Developer","East Coast Coin Company","1"
"Developer","Virtual Image Productions","1"
"Developer","EXA Planning","1"
"Developer","Hobbitron T.K.Trading","1"
"Developer","SonoKong","1"
"Developer","Sun Mixing","1"
"Developer","Noma","1"
"Developer","KKI","1"
"Developer","SMS Manufacturing","1"
"Developer","Sunn","1"
"Developer","AGT","1"
"Developer","Neo Art Deca Team","1"
"Developer","Petaco S.A.","1"
"Developer","Williams / Vid Kidz","1"
"Developer","Catalina","1"
"Developer","Subsino","1"
"Developer","Neobitz","1"
"Developer","Simutrek","1"
"Developer","Olympia","1"
"Developer","SystemBit","1"
"Developer","South West Research","1"
"Developer","Video Optics","1"
"Developer","KH Video","1"
"Developer","Soft Art","1"
"Developer","Wonwoo Systems","1"
"Developer","Sullivan Bluth Interactive Media","1"
"Developer","Model Racing","1"
"Developer","AM1","1"
"Developer","Invi Image","1"
"Developer","Telko","1"
"Developer","Dreamfactory","1"
"Developer","Niemer","1"
"Developer","Spacy Industrial","1"
"Developer","Evoga","1"
"Developer","Kawa Denshi Giken","1"
"Developer","Digitrex Techstar","1"
"Developer","Paradise","1"
"Developer","Novarmatic","1"
"Developer","Jeil Computer System","1"
"Developer","Saero Entertainment","1"
"Developer","Gaps","1"
"Developer","Triumph Software","1"
"Developer","Bundra Games","1"
"Developer","Orca (Esco Trading Co license)","1"
"Developer","Poby / Virus","1"
"Developer","E.F.O.","1"
"Developer","AM Factory","1"
"Developer","Enter-Tech","1"
"Developer","Hanshin Goraku","1"
"Developer","Sunwise","1"
"Developer","Proma","1"
"Developer","Sanki Denshi Kogyo","1"
"Developer","Dong Gue La Mi","1"
"Developer","Oksan","1"
"Developer","Ago","1"
"Developer","Amstar","1"
"Developer","Daehyun Electronics","1"
"Developer","Cosmo Electronics","1"
"Developer","Aiky","1"
"Developer","Eterna","1"
"Developer","Kato Seisakujo","1"
"Developer","P&amp;P Marketing","1"
"Developer","VEB Polytechnik Karl","1"
"Developer","Genie","1"
"Developer","MOSS","1"
"Developer","Unies","1"
"Developer","Para","1"
"Developer","General Computer Corporation","1"
"Developer","Zelco","1"
"Developer","Elettronolo","1"
"Developer","Grayhound Electronics","1"
"Developer","Bell-Fruit","1"
"Developer","Datel","1"
"Developer","BrezzaSoft","1"
"Developer","Steel Hearts","1"
"Developer","Daiki","1"
"Developer","Oriental Soft","1"
"Developer","Creative Electronics And Software","1"
"Developer","Star Fish","1"
"Developer","Techstar (Telko license)","1"
"Developer","Terminal","1"
"Developer","Human Amusement","1"
"Developer","Videa","1"
"Developer","Andamiro","1"
"Developer","Dinamic Multimedia","1"
"Developer","GAV Company","1"
"Developer","I.G.R.","1"
"Developer","Bullet-Proof Software","1"
"Developer","Theoretical Science Group","1"
"Developer","D.R. Korea","1"
"Developer","Barco","1"
"Developer","Marble","1"
"Developer","Magic Conversations","1"
"Developer","Acom","1"
"Developer","Roberto Bacchilega","1"
"Developer","Zenitone","1"
"Developer","Global","1"
"Developer","K.K. Tokki","1"
"Developer","Seoung Youn","1"
"Developer","Mondial Games","1"
"Developer","Moppet Video","1"
"Developer","Olympia / Seletron","1"
"Developer","Stern Electronics","1"
"Developer","Global  Tokyo","1"
"Developer","Nanao","1"
"Developer","Diatec","1"
"Developer","Grand Products","1"
"Developer","GamToU","1"
"Developer","Danbi System","1"
"Developer","Sesame Japan","1"
"Developer","Academy Software","1"
"Developer","Escape","1"
"Developer","Wing","1"
"Developer","Westwood Associates","1"
"Developer","Cygnus Software","1"
"Developer","King Records","1"
"Developer","Free Fall Associates","1"
"Developer","Mass Tael","1"
"Developer","TRY","1"
"Developer","Laser Beam Entertainment","1"
"Developer","Lucasfilm Games","1"
"Developer","Infinity Ward","1"
"Developer","Disney Software","1"
"Developer","Toshiba EMI","1"
"Developer","Game Line","1"
"Developer","Yonezawa","1"
"Developer","Bunch Games","1"
"Developer","ShareData","1"
"Developer","Images Software","1"
"Developer","K2","1"
"Developer","B-AI","1"
"Developer","Tonkin House","1"
"Developer","Softvision","1"
"Developer","Ape","1"
"Developer","Human Creative Products","1"
"Developer","Braben &amp; Bell","1"
"Developer","NEC Interchannel","1"
"Developer","Toppan Printing","1"
"Developer","Techno Quest","1"
"Developer","Nice Code Software","1"
"Developer","Mars","1"
"Developer","G.O.1","1"
"Developer","Gluk","1"
"Developer","Kogado","1"
"Developer","Asder","1"
"Developer","FCI","1"
"Developer","Orpheck","1"
"Developer","Elite Systems","1"
"Developer","Thin Chen","1"
"Developer","D&amp;D Software","1"
"Developer","Yuu Yuu","1"
"Developer","David Wiebenson","1"
"Developer","Nihon Game","1"
"Developer","Tokuma Soft","1"
"Developer","Sur de Wave","1"
"Developer","Ozark Softscape","1"
"Developer","Mindcraft Software","1"
"Developer","Mega Soft (NTDEC)","1"
"Developer","Rare Limited","1"
"Developer","Intv","1"
"Developer","Mind's Eye","1"
"Developer","Rocket Science","1"
"Developer","Carry Lab","1"
"Developer","NHK Software","1"
"Developer","Bandai Namco","1"
"Developer","Tierheit","1"
"Developer","Pack-In-Video","1"
"Developer","Nippon Dexter","1"
"Developer","Bit Corp","1"
"Developer","Virgin Mastertronic","1"
"Developer","Spike Chunsoft","1"
"Developer","Cirque Verte","1"
"Developer","K. Amusement Leasing","1"
"Developer","Tsuburaya Prod.","1"
"Developer","Special FX Software","1"
"Developer","Party-Game","1"
"Developer","Dragon","1"
"Developer","Action Graphics","1"
"Developer","Andrew Joseph","1"
"Developer","Nei-Hu Electronics","1"
"Developer","Sanrio","1"
"Developer","Little Dr.","1"
"Developer","Sun Team Electronics","1"
"Developer","Hi-Score Media Work","1"
"Developer","I2 (Aitsu)","1"
"Developer","Gakken","1"
"Developer","Kokuzeichou","1"
"Developer","Akson Software","1"
"Developer","Electro Brain","1"
"Developer","Ere Informatique","1"
"Developer","Altus","1"
"Developer","Casady &amp; Greene","1"
"Developer","Wizard","1"
"Developer","Interbec","1"
"Developer","Game Over","1"
"Developer","Teeny Weeny Games","1"
"Developer","SibGame","1"
"Developer","Audio Visual Magic","1"
"Developer","Live Planning","1"
"Developer","Outback","1"
"Developer","Onion Software","1"
"Developer","Yoshidayama Workshop","1"
"Developer","Panther Software","1"
"Developer","Toka S.a.r.l.","1"
"Developer","SPC Vision B.V.","1"
"Developer","Big Five Software","1"
"Developer","Meyer Glass Interactive","1"
"Developer","Make","1"
"Developer","C-lab.","1"
"Developer","Utopia Technologies","1"
"Developer","Bit²","1"
"Developer","Kawada","1"
"Developer","Atreid Concept","1"
"Developer","Locus","1"
"Developer","Avit","1"
"Developer","R. Takahashi","1"
"Developer","Ravensburger Interactive Media","1"
"Developer","VD-Dev","1"
"Developer","Citizen Software","1"
"Developer","Tom","1"
"Developer","Power and Magic","1"
"Developer","Robert Fiorini &amp; Associates","1"
"Developer","Nova Co","1"
"Developer","MNM Software","1"
"Developer","Extreme Entertainment","1"
"Developer","Chuck Peavey","1"
"Developer","Silicon Beach Software","1"
"Developer","Studio Fazzy","1"
"Developer","CYX","1"
"Developer","G-Sat","1"
"Developer","Holocronet","1"
"Developer","Slapdash Games","1"
"Developer","Developer Resources","1"
"Developer","Condor","1"
"Developer","Skyworks Studios","1"
"Developer","Songtly","1"
"Developer","Appaloosa","1"
"Developer","Whiteboard","1"
"Developer","Klon","1"
"Developer","Hi-Tec Software","1"
"Developer","Innerprise Software","1"
"Developer","Soft Vision","1"
"Developer","AstroArts","1"
"Developer","Realms of Fantasy","1"
"Developer","Spectacular Games","1"
"Developer","Naughty Dog","1"
"Developer","Sansan","1"
"Developer","Sega Technical Institute","1"
"Developer","Toys For Bob","1"
"Developer","BMB","1"
"Developer","Beyond Software","1"
"Developer","Samsung","1"
"Developer","Leadfilm","1"
"Developer","Dragons Team","1"
"Developer","Senchi Technology","1"
"Developer","Frontier Developments","1"
"Developer","Flashpoint Productions","1"
"Developer","Le Cortex","1"
"Developer","Opus","1"
"Developer","Disney Interactive Studios","1"
"Developer","Cave Logic Studios","1"
"Developer","Cobra Team","1"
"Developer","Aircom","1"
"Developer","Malibu","1"
"Developer","Right Stuff","1"
"Developer","Al","1"
"Developer","ACME Interactive","1"
"Developer","Silicon Sorcery","1"
"Developer","Aroma","1"
"Developer","Group SNE","1"
"Developer","Lay-Up","1"
"Developer","ICOM","1"
"Developer","Smart Egg Pictures","1"
"Developer","Adrenalin Interactive","1"
"Developer","Laser Soft","1"
"Developer","Norsehelm Production","1"
"Developer","FTL - Faster Than Light","1"
"Developer","Ape Studios","1"
"Developer","CTA","1"
"Developer","NCM Entertainment","1"
"Developer","Life Fitness","1"
"Developer","Max Entertainment","1"
"Developer","SCi Games","1"
"Developer","Haus Teknikka","1"
"Developer","G-Craft","1"
"Developer","Team Mental Care","1"
"Developer","Nippon Computer System","1"
"Developer","Epic Games","1"
"Developer","Amccus","1"
"Developer","Pow","1"
"Developer","Big Toe Software","1"
"Developer","HappySoft","1"
"Developer","Dynamite","1"
"Developer","Field","1"
"Developer","Nippon Bcom","1"
"Developer","Blue Byte","1"
"Developer","Polestar","1"
"Developer","Davidson &amp; Associates","1"
"Developer","Office Koukan","1"
"Developer","GRC","1"
"Developer","Master Designer Software","1"
"Developer","Ajinomoto","1"
"Developer","Copmedia","1"
"Developer","Team Ninja","1"
"Developer","DigiNin","1"
"Developer","Scenario Developments","1"
"Developer","Mint","1"
"Developer","Hori Electric","1"
"Developer","Homebrew","1"
"Developer","Phoenix Interactive Entertainment","1"
"Developer","Malibu Interactive","1"
"Developer","Red Rat Software","1"
"Developer","Stywox","1"
"Developer","Rumic Soft","1"
"Developer","64WD Creation S.A.R.L.","1"
"Developer","Ludimedia SAS","1"
"Developer","EJ","1"
"Developer","Horisoft","1"
"Developer","Twin Eagles Group","1"
"Developer","ShadowLine","1"
"Developer","Outrigger Koubou","1"
"Developer","Zeppelin Games","1"
"Developer","Smile!","1"
"Developer","Oxford Digital Enterprises","1"
"Developer","Den'Z","1"
"Developer","Velocity","1"
"Developer","DVS Electronic Co","1"
"Developer","Dragnet","1"
"Developer","Graffiti","1"
"Developer","Tradewest","1"
"Developer","Bits  Limited","1"
"Developer","NovaLogic","1"
"Developer","Empire Interactive","1"
"Developer","J.S.C. Gamos","1"
"Developer","ICOM Simulations","1"
"Developer","Gung-Ho!","1"
"Developer","Redline Games","1"
"Developer","Sega RPG Production","1"
"Developer","Mesa Logic","1"
"Developer","Quantum Factory","1"
"Developer","Scholar","1"
"Developer","Datt Japan","1"
"Developer","High Score Entertainment","1"
"Developer","Padded Cell Studios","1"
"Developer","Fill in Café","1"
"Developer","Kouji Oono","1"
"Developer","Discis Knowledge Research","1"
"Developer","Screaming Pink","1"
"Developer","Manic Media","1"
"Developer","Amazing Media","1"
"Developer","Santaclaus","1"
"Developer","Mainichi Communications","1"
"Developer","Jumpin' Jack Entertainment","1"
"Developer","Prism","1"
"Developer","Amazing Studio","1"
"Developer","Big Ape Productions","1"
"Developer","Emotion Digital Software","1"
"Developer","Silicon Knights","1"
"Developer","GOO!","1"
"Developer","Nihon Syscom","1"
"Developer","Jumpin' Jack Software","1"
"Developer","Team Andromeda","1"
"Developer","Bell","1"
"Developer","Digital Pictures","1"
"Developer","Pioneer Productions","1"
"Developer","Buzz Puppet","1"
"Developer","Locomotive Co.","1"
"Developer","i4","1"
"Developer","Pookae","1"
"Developer","Racjin","1"
"Developer","Distinctive Developments","1"
"Developer","Locomotive Games","1"
"Developer","Kronos Digital Entertainment","1"
"Developer","Protest Design","1"
"Developer","Saru Brunei","1"
"Developer","Produce!","1"
"Developer","Opus Software","1"
"Developer","Ambrella","1"
"Developer","Gear Head Entertainment","1"
"Developer","Black Ops Entertainment","1"
"Developer","Devil's Thumb Entertainment","1"
"Developer","Minds Eye","1"
"Developer","Michael Searl","1"
"Developer","Raster Productions","1"
"Developer","Pure Entertainment","1"
"Developer","Sucker Punch Productions","1"
"Developer","Memir","1"
"Developer","Vertex","1"
"Developer","Intermetrics","1"
"Developer","H2O Interactive","1"
"Developer","Celeris","1"
"Developer","AKI","1"
"Developer","Inland Productions","1"
"Developer","Newcom","1"
"Developer","Aardvark Technical Services","1"
"Developer","Run and Gun!","1"
"Developer","Metro3D","1"
"Developer","Tek 5","1"
"Developer","Rocket Games","1"
"Developer","Omega Micott","1"
"Developer","Mirai-Keikaku","1"
"Developer","Kiddinx Entertainment","1"
"Developer","D-1000 Project","1"
"Developer","Eleca","1"
"Developer","Brain Dock","1"
"Developer","YoYo Games","1"
"Developer","CyberFront Corporation","1"
"Developer","NewKidCo","1"
"Developer","Halloween","1"
"Developer","Plasma Works","1"
"Developer","Microïds","1"
"Developer","Sunrise Interactive","1"
"Developer","AlphaDream","1"
"Developer","Studio Mebius","1"
"Developer","Mirage Media","1"
"Developer","Canopy Games","1"
"Developer","Gu","1"
"Developer","Pulsar Interactive","1"
"Developer","Incube8 Games","1"
"Developer","Eclipse Entertainment","1"
"Developer","Ravensburger Interactive Media","1"
"Developer","MTO","1"
"Developer","Octopus","1"
"Developer","Karma","1"
"Developer","Smilesoft","1"
"Developer","KCE Sapporo","1"
"Developer","Presage Software","1"
"Developer","Novalicious","1"
"Developer","Hyperion","1"
"Developer","MissingLink","1"
"Developer","Team XKalibur","1"
"Developer","NEON","1"
"Developer","Mobile21","1"
"Developer","Polygon Magic","1"
"Developer","Prime System","1"
"Developer","Stunt Puppy Entertainment","1"
"Developer","Kalisto Entertainment","1"
"Developer","Agatsuma Entertainment","1"
"Developer","Dupuis","1"
"Developer","G3 Interactive","1"
"Developer","Kaga Tech","1"
"Developer","Game-Play","1"
"Developer","Spark","1"
"Developer","Blade Interactive","1"
"Developer","Eon Digital Entertainment","1"
"Developer","Genetic Fantasia","1"
"Developer","Mirage Interactive","1"
"Developer","Silent Software","1"
"Developer","Mermaid","1"
"Developer","Thalamus","1"
"Developer","R-Lab","1"
"Developer","Neon Studios","1"
"Developer","Witan Entertainment BV","1"
"Developer","Indieszero","1"
"Developer","Hitek","1"
"Developer","Formula","1"
"Developer","Two Tribes B.V.","1"
"Developer","Tell-Tale","1"
"Developer","Slitherine Software","1"
"Developer","Game Boy World","1"
"Developer","Sunset Entertainment","1"
"Developer","Valleycrest Productions","1"
"Developer","Dreamcatcher","1"
"Developer","Boom","1"
"Developer","Chicken Head","1"
"Developer","Rayland Interactive","1"
"Developer","Climax Graphics","1"
"Developer","Leaping Lizard Games","1"
"Developer","Masa","1"
"Developer","HarmlessLion","1"
"Developer","Sega rosso","1"
"Developer","Hack Berry","1"
"Developer","Valve","1"
"Developer","Midnight Synergy","1"
"Developer","Sierra","1"
"Developer","Crazy Games","1"
"Developer","NEC Home Electronics","1"
"Developer","S+F Software","1"
"Developer","MadPeet","1"
"Developer","Awesome Studios","1"
"Developer","Maxbet","1"
"Developer","X-Ray","1"
"Developer","Tremor Entertainment","1"
"Developer","LOVEDELIC","1"
"Developer","VCC","1"
"Developer","Rune Craft","1"
"Developer","Dynamix","1"
"Developer","BioWare","1"
"Developer","Creat","1"
"Developer","Lost Toys","1"
"Developer","Pop Top Software","1"
"Developer","UEP Systems","1"
"Developer","Yuki Enterprise","1"
"Developer","Senile Team","1"
"Developer","Zombie","1"
"Developer","Team 17","1"
"Developer","Marina Games","1"
"Developer","Tenky","1"
"Developer","NEC","1"
"Developer","Spiral House","1"
"Developer","Uds","1"
"Developer","Toka","1"
"Developer","Blue Sphere Games","1"
"Developer","Blue Planet Software","1"
"Developer","Triangle Service","1"
"Developer","Christopher Emizrian","1"
"Developer","BANANABREAK","1"
"Developer","Epitech Console Laberatory","1"
"Developer","Crimson","1"
"Developer","Heavy Iron","1"
"Developer","In Utero","1"
"Developer","Cryptic Allusion","1"
"Developer","S-Neo","1"
"Developer","FromSoftware","1"
"Developer","Smoking Gun Productions","1"
"Developer","CaramelPot","1"
"Developer","Kool Kizz Amusement Works","1"
"Developer","Chime Corporation","1"
"Developer","Littlewing","1"
"Developer","EA Black Box","1"
"Developer","Quantic Dream","1"
"Developer","Shangri-La","1"
"Developer","Takuyo","1"
"Developer","Epicenter Interactive","1"
"Developer","EC-Interactive","1"
"Developer","Aspyr","1"
"Developer","Intelligent Games","1"
"Developer","Program-Ace","1"
"Developer","Aruze","1"
"Developer","The Behemoth","1"
"Developer","Awesome Developments","1"
"Developer","Magic Productions","1"
"Developer","Awesome Productions","1"
"Developer","Panasonic","1"
"Developer","Big Blue Bubble","1"
"Developer","SkyRiver","1"
"Developer","Hidden Floor","1"
"Developer","Q-Games","1"
"Developer","Interactive Vision","1"
"Developer","Virtual Spaghetti","1"
"Developer","Hypnotix","1"
"Developer","PopCap Games","1"
"Developer","Nobilis","1"
"Developer","Shen Mansell","1"
"Developer","Digital Fiction","1"
"Developer","7 Raven","1"
"Developer","Revolution Software","1"
"Developer","ImageBuilder","1"
"Developer","Collision Studios","1"
"Developer","SG Diffusion","1"
"Developer","Monkeystone Games","1"
"Developer","Stealth","1"
"Developer","Rocket Company","1"
"Developer","Denaris Entertainment Software","1"
"Developer","Ubisoft Shanghai","1"
"Developer","Hip Games","1"
"Developer","Rideon Incorporated","1"
"Developer","Yoko Entertainment","1"
"Developer","AIA","1"
"Developer","Jupiter Software","1"
"Developer","Smartdog","1"
"Developer","Cavia","1"
"Developer","369 Interactive","1"
"Developer","Gamezlab","1"
"Developer","Athletic Design","1"
"Developer","Lost Boys","1"
"Developer","Vaill","1"
"Developer","Garden","1"
"Developer","Collision","1"
"Developer","Soft Brigade","1"
"Developer","Appendix Games","1"
"Developer","Frame","1"
"Developer","Global Star Software","1"
"Developer","WXP","1"
"Developer","Alten8","1"
"Developer","Frontline","1"
"Developer","TwoFiveSix","1"
"Developer","Black Hammer Game","1"
"Developer","Daiwon C&amp;A","1"
"Developer","Creature Labs","1"
"Developer","GFX Construction","1"
"Developer","Skyworks Interactive","1"
"Developer","PM","1"
"Developer","Flagship","1"
"Developer","DTP Young Entertainment","1"
"Developer","Inlight Entertainment","1"
"Developer","Warner Bros. Games","1"
"Developer","Wizard Software","1"
"Developer","Klein","1"
"Developer","Klein Computer Entertainment","1"
"Developer","Sintaax","1"
"Developer","Fuse Games","1"
"Developer","Sabarasa Entertainment","1"
"Developer","Netherock","1"
"Developer","Climax Handheld Games","1"
"Developer","Radius9","1"
"Developer","Unique Development Studios AB","1"
"Developer","Phenomédia","1"
"Developer","DHG games","1"
"Developer","Adeline Software","1"
"Developer","Dreamon","1"
"Developer","Zeal","1"
"Developer","Firemint","1"
"Developer","Flying Tiger Development","1"
"Developer","Majesco","1"
"Developer","Quantized Bit","1"
"Developer","James boulton","1"
"Developer","Binary9","1"
"Developer","KCE Tokyo","1"
"Developer","O3 Entertainment","1"
"Developer","Bobbee Tec","1"
"Developer","Jamie Woodhouse","1"
"Developer","Ninai Games","1"
"Developer","Codo Games","1"
"Developer","J.P. Room","1"
"Developer","Planet Interactive Development","1"
"Developer","Lucky Chicken","1"
"Developer","Magellan Interactive","1"
"Developer","Ivolgamus","1"
"Developer","Orbital","1"
"Developer","Codefire","1"
"Developer","Kojima","1"
"Developer","Access","1"
"Developer","Prograph","1"
"Developer","Raylight Studios","1"
"Developer","Digi-Guys","1"
"Developer","Creations","1"
"Developer","Flight-Plan","1"
"Developer","GameHouse","1"
"Developer","UK Magic","1"
"Developer","Realism Entertainment","1"
"Developer","GameVision","1"
"Developer","Artificial Mind and Movement","1"
"Developer","Kaolink","1"
"Developer","505 Games","1"
"Developer","Blizzard Classic Arcade","1"
"Developer","Ubisoft Montreal","1"
"Developer","3D Light Team","1"
"Developer","Iridon Interactive AB","1"
"Developer","ShunDa","1"
"Developer","Inferno-games","1"
"Developer","Small Rockets","1"
"Developer","Phoenix Studio","1"
"Developer","Rainbow","1"
"Developer","NeoPong Software","1"
"Developer","Fluid Studios","1"
"Developer","PuzzleKings","1"
"Developer","Buddiez","1"
"Developer","Stalker Entertainment","1"
"Developer","EC Interactive Games","1"
"Publisher","SEGA","1550"
"Publisher","Konami","633"
"Publisher","Nintendo","621"
"Publisher","Taito","382"
"Publisher","Capcom","329"
"Publisher","Namco","301"
"Publisher","Acclaim Entertainment","273"
"Publisher","Electronic Arts","240"
"Publisher","SNK","232"
"Publisher","THQ","207"
"Publisher","Data East","206"
"Publisher","Bandai","193"
"Publisher","Jaleco","183"
"Publisher","Sunsoft","159"
"Publisher","Midway","156"
"Publisher","Atari","151"
"Publisher","Activision","144"
"Publisher","Hudson Soft","139"
"Publisher","Infogrames","123"
"Publisher","Ubisoft","122"
"Publisher","Banpresto","110"
"Publisher","Tecmo","103"
"Publisher","Ocean","103"
"Publisher","EA Sports","97"
"Publisher","Irem","95"
"Publisher","Atlus","94"
"Publisher","Koei","91"
"Publisher","Hacker International","79"
"Publisher","Imagineer","75"
"Publisher","GameTek","65"
"Publisher","Takara","64"
"Publisher","Nichibutsu","63"
"Publisher","Virgin","60"
"Publisher","Accolade","57"
"Publisher","Mindscape","56"
"Publisher","Kaneko","53"
"Publisher","Namcot","53"
"Publisher","LJN","53"
"Publisher","Kemco","52"
"Publisher","Codemasters","51"
"Publisher","Zoo Digital Publishing","50"
"Publisher","ASCII","49"
"Publisher","Culture Brain","49"
"Publisher","Titus","49"
"Publisher","Sachen","48"
"Publisher","Majesco","48"
"Publisher","Tomy","45"
"Publisher","Interplay","45"
"Publisher","Pony Canyon","44"
"Publisher","Tengen","43"
"Publisher","Enix","42"
"Publisher","THQ Software","42"
"Publisher","Natsume","41"
"Publisher","Virgin Interactive","40"
"Publisher","Atari SA","40"
"Publisher","Epoch","39"
"Publisher","Renovation Products","37"
"Publisher","Human Entertainment","36"
"Publisher","Sony Imagesoft","36"
"Publisher","Bally Midway","34"
"Publisher","Asmik","34"
"Publisher","Crave Entertainment","34"
"Publisher","Technos Japan","33"
"Publisher","SETA","33"
"Publisher","Coconuts Japan","33"
"Publisher","Tectoy","33"
"Publisher","J-Wing","32"
"Publisher","Disney Interactive","32"
"Publisher","SemiCom","30"
"Publisher","Tradewest","30"
"Publisher","Bam Entertainment","30"
"Publisher","Exidy","29"
"Publisher","Hot-B","29"
"Publisher","Time Warner Interactive","29"
"Publisher","FCI","29"
"Publisher","Toaplan","28"
"Publisher","HectorSoft","28"
"Publisher","U.S. Gold","28"
"Publisher","Video System","27"
"Publisher","Sammy USA Corporation","27"
"Publisher","Success","27"
"Publisher","HAL Laboratory","27"
"Publisher","Yutaka","27"
"Publisher","Hi Tech Expressions","26"
"Publisher","Electro Brain","26"
"Publisher","Ubi Soft Entertainment","26"
"Publisher","EA Games","26"
"Publisher","Athena","25"
"Publisher","Bullet Proof Software","25"
"Publisher","Vic Tokai","25"
"Publisher","GT Interactive Software","25"
"Publisher","Virgin Interactive Entertainment","25"
"Publisher","The 3DO Company","25"
"Publisher","Eidos Interactive","24"
"Publisher","UPL","23"
"Publisher","Sammy Corporation","23"
"Publisher","Take 2 Interactive","23"
"Publisher","Psygnosis","23"
"Publisher","DSI Games","23"
"Publisher","Universal","22"
"Publisher","Telenet","22"
"Publisher","Yun Sung","21"
"Publisher","Comad","21"
"Publisher","Disk Original Group (DOG)","21"
"Publisher","Kemco Limited","21"
"Publisher","MicroProse","20"
"Publisher","Domark","20"
"Publisher","Square","20"
"Publisher","Gamtec","20"
"Publisher","Cinematronics","19"
"Publisher","Williams","19"
"Publisher","Century Electronics","19"
"Publisher","King Records","19"
"Publisher","American Video Entertainment","19"
"Publisher","Virgin Games","19"
"Publisher","Hi-Tec Software","19"
"Publisher","Arcadia Systems","18"
"Publisher","Sigma Enterprises","18"
"Publisher","Compile","18"
"Publisher","SOFEL","18"
"Publisher","Tokuma Shoten Intermedia","18"
"Publisher","Pack In Video","18"
"Publisher","Toei Animation","18"
"Publisher","JVC","18"
"Publisher","Varie","18"
"Publisher","Black Pearl Software","18"
"Publisher","Flying Edge","18"
"Publisher","Nippon Computer Systems (NCS)","18"
"Publisher","MTO Co","18"
"Publisher","Gaelco","17"
"Publisher","Visco","17"
"Publisher","bootleg","17"
"Publisher","Eolith","17"
"Publisher","Vap","17"
"Publisher","Color Dreams","17"
"Publisher","Viacom New Media","17"
"Publisher","Piko Interactive","17"
"Publisher","LucasArts","17"
"Publisher","TDK","17"
"Publisher","Bally Sente","16"
"Publisher","Mindscape International","16"
"Publisher","Wisdom Tree","16"
"Publisher","Irem Corporation","16"
"Publisher","Artech Studios","16"
"Publisher","DreamWorks","16"
"Publisher","Squaresoft","16"
"Publisher","NewKidCo","16"
"Publisher","AMI","15"
"Publisher","Seibu Kaihatsu","15"
"Publisher","Psikyo","15"
"Publisher","Absolute Entertainment","15"
"Publisher","T&amp;E Soft","15"
"Publisher","Palcom","15"
"Publisher","Angel","15"
"Publisher","Starfish","15"
"Publisher","Tokai Engineering","15"
"Publisher","Core Design","15"
"Publisher","Vivendi Universal Games","15"
"Publisher","Swing! Entertainment","15"
"Publisher","Stern","14"
"Publisher","IGS","14"
"Publisher","Tonkin House","14"
"Publisher","Toho Company","14"
"Publisher","Malibu Games","14"
"Publisher","Treco","14"
"Publisher","Telegames","14"
"Publisher","Character Soft","13"
"Publisher","Altron","13"
"Publisher","Sierra","13"
"Publisher","Light &amp; Shadow Productions (LSP)","13"
"Publisher","Orca","12"
"Publisher","Leland","12"
"Publisher","ADK","12"
"Publisher","Elite Systems","12"
"Publisher","Tokyo Shoseki","12"
"Publisher","Information Global Service","12"
"Publisher","Ubi Soft Entertainment Software","12"
"Publisher","Naxat Soft","12"
"Publisher","Hasbro Interactive","12"
"Publisher","Bottom Up Interactive","12"
"Publisher","Rocket Games","12"
"Publisher","The Game Factory","12"
"Publisher","Mitchell","11"
"Publisher","Dave Nutting Associates","11"
"Publisher","SunA","11"
"Publisher","Romstar","11"
"Publisher","Rareware","11"
"Publisher","Taxan","11"
"Publisher","Beam Software","11"
"Publisher","C&amp;E","11"
"Publisher","Vatical Entertainment","11"
"Publisher","Buena Vista Games","11"
"Publisher","Ignition Entertainment","11"
"Publisher","Mylstar Electronics","10"
"Publisher","Tehkan","10"
"Publisher","Zilec Games","10"
"Publisher","Dooyong","10"
"Publisher","Soft Pro International","10"
"Publisher","Super Pig","10"
"Publisher","Ultra Games","10"
"Publisher","Milton Bradley Co.","10"
"Publisher","Brøderbund Software","10"
"Publisher","American Softworks","10"
"Publisher","Sony Electronic Publishing","10"
"Publisher","KSS","10"
"Publisher","Empire Interactive","10"
"Publisher","Sculptured Software","9"
"Publisher","Victor Interactive Software","9"
"Publisher","Sony","9"
"Publisher","Yanoman Games","9"
"Publisher","Cryo Interactive","9"
"Publisher","X BOY","9"
"Publisher","Arena Entertainment","9"
"Publisher","Media Factory","9"
"Publisher","Mattel Electronics","9"
"Publisher","Wanadoo Edition","9"
"Publisher","Universal Interactive","9"
"Publisher","Unico","8"
"Publisher","Metro Corporation","8"
"Publisher","Enerdyne Technologies","8"
"Publisher","Playmark","8"
"Publisher","Bothtec","8"
"Publisher","Toshiba EMI","8"
"Publisher","K. Amusement Leasing","8"
"Publisher","NTDEC","8"
"Publisher","Masaya Games","8"
"Publisher","I'Max","8"
"Publisher","Thin Chen Enterprise","8"
"Publisher","Gremlin Graphics Software","8"
"Publisher","Fox Interactive","8"
"Publisher","Tecmagik","8"
"Publisher","Wolf Team","8"
"Publisher","Razorsoft","8"
"Publisher","Outrigger","8"
"Publisher","Lego Media","8"
"Publisher","Rage Software","8"
"Publisher","Xicat Interactive","8"
"Publisher","Technosoft","7"
"Publisher","Promat","7"
"Publisher","Sanritsu Denki","7"
"Publisher","Zaccaria","7"
"Publisher","Omori Electric","7"
"Publisher","Use Corporation","7"
"Publisher","Gluk","7"
"Publisher","Victor Entertainment","7"
"Publisher","Tokuma Soft","7"
"Publisher","Data East Company","7"
"Publisher","B-AI","7"
"Publisher","Parker Brothers","7"
"Publisher","Towa Chiki","7"
"Publisher","Tokuma Shoten","7"
"Publisher","ASK Kodansha","7"
"Publisher","The Software Toolworks","7"
"Publisher","Meldac","7"
"Publisher","Spectrum Holobyte","7"
"Publisher","Playmates Interactive","7"
"Publisher","Tiertex","7"
"Publisher","Iguana Entertainment","7"
"Publisher","Homebrew","7"
"Publisher","Krisalis Software","7"
"Publisher","Scavenger","7"
"Publisher","Tamsoft","7"
"Publisher","Microïds","7"
"Publisher","BBC Multimedia","7"
"Publisher","Meadows Games","6"
"Publisher","Fuuki","6"
"Publisher","F2 System","6"
"Publisher","ESD","6"
"Publisher","TCH","6"
"Publisher","Kyugo Boueki","6"
"Publisher","Gottlieb","6"
"Publisher","Raizing","6"
"Publisher","Gremlin Industries","6"
"Publisher","Kindle Imagine Develop","6"
"Publisher","NMK","6"
"Publisher","Soft Vision","6"
"Publisher","Gremlin Interactive","6"
"Publisher","The Game Room","6"
"Publisher","Gaps","6"
"Publisher","Phoenix Japan","6"
"Publisher","Micro Genius","6"
"Publisher","Yonezawa","6"
"Publisher","NEXOFT","6"
"Publisher","HAL America","6"
"Publisher","DB Soft","6"
"Publisher","Epic - Sony Records","6"
"Publisher","Software Creations","6"
"Publisher","Chunsoft","6"
"Publisher","Tsukuda Original","6"
"Publisher","Magical Company","6"
"Publisher","Micronet","6"
"Publisher","BlueSky Software","6"
"Publisher","Bits Studios","6"
"Publisher","Nihon Falcom","6"
"Publisher","DVS Electronic","6"
"Publisher","JoWood Produtions","6"
"Publisher","Jorudan","6"
"Publisher","Bigben Interactive","6"
"Publisher","Daikoku Denki","6"
"Publisher","Global Star Software","6"
"Publisher","Buena Vista Interactive","6"
"Publisher","Keynet","6"
"Publisher","Afega","5"
"Publisher","Tecfri","5"
"Publisher","Eighting","5"
"Publisher","Tatsumi","5"
"Publisher","Tad","5"
"Publisher","FACE","5"
"Publisher","Warashi","5"
"Publisher","Nihon Systems","5"
"Publisher","Epos","5"
"Publisher","Rock-Ola","5"
"Publisher","Playmore","5"
"Publisher","Fabtek","5"
"Publisher","NG:Dev.Team","5"
"Publisher","Fuji Television Network","5"
"Publisher","HES Interactive","5"
"Publisher","Home Entertainment Suppliers","5"
"Publisher","Mattel","5"
"Publisher","Camerica","5"
"Publisher","Bunch Games","5"
"Publisher","Capcom USA","5"
"Publisher","Shogakukan","5"
"Publisher","DTMC","5"
"Publisher","Yojigen","5"
"Publisher","Visit","5"
"Publisher","Delphine Software International","5"
"Publisher","Chuanpu","5"
"Publisher","Creaton Softech","5"
"Publisher","Columbus Circle","5"
"Publisher","Realtec","5"
"Publisher","System Sacom","5"
"Publisher","SKOB","5"
"Publisher","Ming Super Chip Electronic","5"
"Publisher","Vic Tokai Corporation","5"
"Publisher","Strictly Limited Games","5"
"Publisher","Yumedia","5"
"Publisher","Red Storm Entertainment","5"
"Publisher","Metro 3D","5"
"Publisher","Rockstar Games","5"
"Publisher","Classified Games","5"
"Publisher","JAGUAR","5"
"Publisher","Conspiracy Entertainment","5"
"Publisher","Liquid Games","5"
"Publisher","D3 Publisher","5"
"Publisher","EFO SA / Cedar","4"
"Publisher","Allumer","4"
"Publisher","Min","4"
"Publisher","Pacific Novelty","4"
"Publisher","Ace Enterprise","4"
"Publisher","Cidelsa","4"
"Publisher","Philko","4"
"Publisher","Valadon Automation","4"
"Publisher","Terminal Software","4"
"Publisher","Strata","4"
"Publisher","A Wave Inc","4"
"Publisher","Barko","4"
"Publisher","Nakanihon","4"
"Publisher","Scorpion Soft","4"
"Publisher","Asder","4"
"Publisher","CBS Sony Group","4"
"Publisher","Henggedianzi","4"
"Publisher","Square Enix","4"
"Publisher","Shinsei","4"
"Publisher","Fujicom","4"
"Publisher","Victor","4"
"Publisher","Boss Communications","4"
"Publisher","Pack-In-Video","4"
"Publisher","BEC","4"
"Publisher","Seismic","4"
"Publisher","Technopop","4"
"Publisher","Unreleased","4"
"Publisher","Probe Software","4"
"Publisher","Game Arts","4"
"Publisher","M2TO","4"
"Publisher","Sage's Creation","4"
"Publisher","New World Computing","4"
"Publisher","Saurus","4"
"Publisher","Raya Systems","4"
"Publisher","Den'Z","4"
"Publisher","BMG Interactive","4"
"Publisher","Ving","4"
"Publisher","Microcabin","4"
"Publisher","Southpeak Interactive","4"
"Publisher","SCi Games","4"
"Publisher","Metro3D","4"
"Publisher","Dreamcatcher","4"
"Publisher","ITE Media","4"
"Publisher","Smilesoft","4"
"Publisher","505 Games","4"
"Publisher","East Entertainment Media","4"
"Publisher","2K Games","4"
"Publisher","RamTek","3"
"Publisher","D. Gottlieb &amp; Co.","3"
"Publisher","Hanaho Games","3"
"Publisher","Amenip","3"
"Publisher","Artic Computing","3"
"Publisher","Hoei","3"
"Publisher","Game Plan (Centuri license)","3"
"Publisher","Elettronica Video-Games","3"
"Publisher","Oriental Soft","3"
"Publisher","Midcoin","3"
"Publisher","Tago Electronics","3"
"Publisher","Excellent System","3"
"Publisher","Centuri","3"
"Publisher","East Technology","3"
"Publisher","Neo Conception International","3"
"Publisher","Vectorbeam","3"
"Publisher","Home Data","3"
"Publisher","Jetsoft","3"
"Publisher","Shinkai","3"
"Publisher","Enter-Tech","3"
"Publisher","Taiyo","3"
"Publisher","Venture Line","3"
"Publisher","Senko","3"
"Publisher","V-System Co.","3"
"Publisher","Dynax","3"
"Publisher","Art &amp; Magic","3"
"Publisher","Limenko","3"
"Publisher","D3Publisher","3"
"Publisher","LAI Games","3"
"Publisher","Model Racing","3"
"Publisher","Game Plan","3"
"Publisher","Electronic Devices Italy","3"
"Publisher","dgPIX Entertainment","3"
"Publisher","Produce","3"
"Publisher","Dong Sung","3"
"Publisher","Incredible Technologies","3"
"Publisher","Deniam","3"
"Publisher","Barcrest","3"
"Publisher","Hori Electric","3"
"Publisher","Wave Jack","3"
"Publisher","RCM","3"
"Publisher","Active Enterprises","3"
"Publisher","C Dream","3"
"Publisher","Fuzhou Waixing","3"
"Publisher","Loriciel","3"
"Publisher","Toemiland","3"
"Publisher","Storm","3"
"Publisher","American Game Cartridges","3"
"Publisher","Gluk Video","3"
"Publisher","Daou Infosys","3"
"Publisher","Quest","3"
"Publisher","Asmik Ace Entertainment","3"
"Publisher","Marvelous Interactive","3"
"Publisher","Matchbox International","3"
"Publisher","Pow","3"
"Publisher","LOZC G. Amusements","3"
"Publisher","Triffix","3"
"Publisher","Kodansha","3"
"Publisher","Mani","3"
"Publisher","Access Games","3"
"Publisher","IMax","3"
"Publisher","Magifact","3"
"Publisher","Bottom Up Interactive","3"
"Publisher","Extreme Entertainment","3"
"Publisher","Viacom New Media","3"
"Publisher","Millenium Interactive","3"
"Publisher","Genki","3"
"Publisher","Ma-Ba","3"
"Publisher","Tec Toy","3"
"Publisher","CRI","3"
"Publisher","Looking Glass","3"
"Publisher","System Soft","3"
"Publisher","Western Technologies","3"
"Publisher","Ballistic","3"
"Publisher","Laser Soft","3"
"Publisher","Renegade Software","3"
"Publisher","Seika","3"
"Publisher","Xing Entertainment","3"
"Publisher","id Software","3"
"Publisher","Media Entertainment","3"
"Publisher","Ecole","3"
"Publisher","Gaga","3"
"Publisher","Entertainment Software Publishing","3"
"Publisher","Kiddinx","3"
"Publisher","Game Village","3"
"Publisher","Mattel Interactive","3"
"Publisher","Milestone","3"
"Publisher","Neko Entertainment","3"
"Publisher","DTP Entertainment","3"
"Publisher","Play It!","3"
"Publisher","XS Games","3"
"Publisher","First Star Software","2"
"Publisher","Techstar","2"
"Publisher","Tuning","2"
"Publisher","Tamtex","2"
"Publisher","ATW","2"
"Publisher","Armenia","2"
"Publisher","Allied Leisure","2"
"Publisher","Nasco","2"
"Publisher","Able","2"
"Publisher","Tong Electronic","2"
"Publisher","TDS","2"
"Publisher","D.G.R.M.","2"
"Publisher","Vid Kidz","2"
"Publisher","ABM Games","2"
"Publisher","International Games","2"
"Publisher","Seatongrove","2"
"Publisher","BMC","2"
"Publisher","Signatron USA","2"
"Publisher","Seibu Denshi","2"
"Publisher","Icarus","2"
"Publisher","Para","2"
"Publisher","Shoei","2"
"Publisher","Yona Tech","2"
"Publisher","Itisa","2"
"Publisher","Axela","2"
"Publisher","Gameace","2"
"Publisher","Status Games","2"
"Publisher","Arika","2"
"Publisher","Wood Place","2"
"Publisher","Chuo","2"
"Publisher","Subsino","2"
"Publisher","Nasco Japan","2"
"Publisher","Nics","2"
"Publisher","Subelectro","2"
"Publisher","NIX","2"
"Publisher","Datel","2"
"Publisher","Eastern Micro Electronics","2"
"Publisher","New System House Oh!","2"
"Publisher","East Cube","2"
"Publisher","Ge De Industry","2"
"Publisher","Panesian","2"
"Publisher","Codemasters Software","2"
"Publisher","EduBank","2"
"Publisher","Caltron","2"
"Publisher","Computer &amp; Entertainment","2"
"Publisher","Laser Beam Entertainment","2"
"Publisher","Zemina","2"
"Publisher","Gakken","2"
"Publisher","Team Yolkfolk","2"
"Publisher","Bandai Namco","2"
"Publisher","Idea-Tek","2"
"Publisher","NTVIC","2"
"Publisher","TSS","2"
"Publisher","Kawada","2"
"Publisher","Banalex","2"
"Publisher","Williams Entertainment","2"
"Publisher","Laguna","2"
"Publisher","Software 2000","2"
"Publisher","Shouei","2"
"Publisher","Toho","2"
"Publisher","Image Works","2"
"Publisher","Ka Sheng","2"
"Publisher","Audiogenic Software","2"
"Publisher","Caesar No Yabou 2","2"
"Publisher","NovaLogic","2"
"Publisher","Loriciels","2"
"Publisher","Studio Fazzy","2"
"Publisher","3D Realms","2"
"Publisher","Lankhor","2"
"Publisher","Miky","2"
"Publisher","Ukiyotei","2"
"Publisher","Sensible Software","2"
"Publisher","Funcom","2"
"Publisher","PALSOFT","2"
"Publisher","We Net","2"
"Publisher","HeartBeat","2"
"Publisher","Razor Soft","2"
"Publisher","Bullfrog","2"
"Publisher","Bizarre Creations","2"
"Publisher","System 3 Software","2"
"Publisher","Cobra Team","2"
"Publisher","Motown Software","2"
"Publisher","Zamuse","2"
"Publisher","Forum","2"
"Publisher","GTE Entertainment","2"
"Publisher","Datam Polystar","2"
"Publisher","Kadokawa Shoten","2"
"Publisher","Eletronic Co","2"
"Publisher","Left Field Productions","2"
"Publisher","TNN","2"
"Publisher","Technic(TGL) Technical Group Laboratory","2"
"Publisher","Sales Curve","2"
"Publisher","Advanced Productions","2"
"Publisher","Media Rings","2"
"Publisher","Societa Daikanyama","2"
"Publisher","Yoshimoto Kogyo","2"
"Publisher","Soft Office","2"
"Publisher","Crystal Dynamics","2"
"Publisher","Media Quest","2"
"Publisher","Treasure","2"
"Publisher","Tam","2"
"Publisher","Saffire","2"
"Publisher","SouthPeak Games","2"
"Publisher","Digital Kids","2"
"Publisher","TDK Core","2"
"Publisher","Studio 3","2"
"Publisher","Prime System","2"
"Publisher","Ravensburger Interactive Media","2"
"Publisher","Marvelous Entertainment","2"
"Publisher","Red Orb Entertainment","2"
"Publisher","Simon &amp; Schuster Interactive","2"
"Publisher","Havas Interactive","2"
"Publisher","Enterbrain","2"
"Publisher","Kirat","2"
"Publisher","G.Rev","2"
"Publisher","Goat Store Publishing","2"
"Publisher","Jester Interactive","2"
"Publisher","The GOAT Store","2"
"Publisher","Gainax","2"
"Publisher","Spike Co","2"
"Publisher","Softmax","2"
"Publisher","Aruze","2"
"Publisher","Hip Games","2"
"Publisher","Blizzard Classic Arcade","2"
"Publisher","Summitsoft Entertainment","2"
"Publisher","Rocket Company","2"
"Publisher","Sintax","2"
"Publisher","Coktel Vision","2"
"Publisher","O3 Entertainment","2"
"Publisher","Midway Sports","2"
"Publisher","Nippon Telenet","2"
"Publisher","EA Sports BIG","2"
"Publisher","Victory","1"
"Publisher","Wintechno","1"
"Publisher","Kitronix","1"
"Publisher","Bee-Oh","1"
"Publisher","Dinamic Software","1"
"Publisher","Epos Corporation (Photar Industries license)","1"
"Publisher","Merit Software","1"
"Publisher","Seibu","1"
"Publisher","First Amusement","1"
"Publisher","Bwb","1"
"Publisher","Current Technologies","1"
"Publisher","Alpha","1"
"Publisher","Daigom","1"
"Publisher","Yachiyo Denki","1"
"Publisher","Etona","1"
"Publisher","International Computer Entertainment","1"
"Publisher","Sun","1"
"Publisher","Coleco Industries","1"
"Publisher","Electronic Devices Italy / 3D Games England","1"
"Publisher","Tung Sheng Electronics","1"
"Publisher","Seo Jin","1"
"Publisher","Tecfri / Desystem S.A.","1"
"Publisher","Du Tech","1"
"Publisher","IDSA","1"
"Publisher","Epic","1"
"Publisher","U.S. Billiards","1"
"Publisher","Palco","1"
"Publisher","Duncan Brown","1"
"Publisher","Forbes?","1"
"Publisher","Vision Electronics","1"
"Publisher","Ameri","1"
"Publisher","Leijac","1"
"Publisher","Electronic Games Systems","1"
"Publisher","Ryoto Electric Co.","1"
"Publisher","Rait Electronics","1"
"Publisher","Comsoft","1"
"Publisher","Dynasoft","1"
"Publisher","Mama Top","1"
"Publisher","Yang Gi","1"
"Publisher","Kiwako","1"
"Publisher","Taff System","1"
"Publisher","Valadon Automation (Itisa license)","1"
"Publisher","Cheil Computer System","1"
"Publisher","Duintronic","1"
"Publisher","K1 Soft","1"
"Publisher","Dooyong (NTC license)","1"
"Publisher","WSAC Systems?","1"
"Publisher","Sang Ho","1"
"Publisher","Kyle Hodgetts","1"
"Publisher","Hollow","1"
"Publisher","Hanafram","1"
"Publisher","Syrmex","1"
"Publisher","Gayton Games","1"
"Publisher","Buena Vision","1"
"Publisher","Moov Generation / Eolith","1"
"Publisher","Electronic Devices Italy / Ecogames S.L. Spain","1"
"Publisher","New Image Technologies","1"
"Publisher","Sun Electronics","1"
"Publisher","Nuova Videotron","1"
"Publisher","Wave","1"
"Publisher","GM Shoji","1"
"Publisher","Haesung","1"
"Publisher","Midas Games","1"
"Publisher","Nova du Canada","1"
"Publisher","NTC","1"
"Publisher","Entertainment Enterprises","1"
"Publisher","Moloney Manufacturing","1"
"Publisher","Graphic Techno","1"
"Publisher","RDI Video Systems","1"
"Publisher","T.I.C.","1"
"Publisher","Primetek Investments","1"
"Publisher","Raster Elite","1"
"Publisher","Shonan","1"
"Publisher","Yuvo","1"
"Publisher","BS Electronics","1"
"Publisher","MTM Games","1"
"Publisher","SoftClub","1"
"Publisher","Gamart","1"
"Publisher","East Coast Coin Company","1"
"Publisher","Virtual Image Productions","1"
"Publisher","Hobbitron T.K.Trading","1"
"Publisher","SonoKong","1"
"Publisher","Sun Mixing","1"
"Publisher","Noma (Casino Tech license)","1"
"Publisher","K.K. International","1"
"Publisher","SMS Manufacturing","1"
"Publisher","Sunn","1"
"Publisher","AGT","1"
"Publisher","Dell Electronics","1"
"Publisher","Philko (Sharp Image license)","1"
"Publisher","Island Design","1"
"Publisher","Philko (Poara Enterprises license)","1"
"Publisher","Electronic Devices","1"
"Publisher","Petaco S.A.","1"
"Publisher","Catalina","1"
"Publisher","Kural Electric","1"
"Publisher","Takumi","1"
"Publisher","Simutrek","1"
"Publisher","Coreland","1"
"Publisher","Olympia","1"
"Publisher","SystemBit","1"
"Publisher","South West Research","1"
"Publisher","Video Optics","1"
"Publisher","KH Video","1"
"Publisher","Ashby Computers and Graphics","1"
"Publisher","Soft Art Co.","1"
"Publisher","Wonwoo Systems","1"
"Publisher","Craul Denshi","1"
"Publisher","Magic Electronics","1"
"Publisher","Invi Image","1"
"Publisher","Telko","1"
"Publisher","Niemer","1"
"Publisher","Sisteme","1"
"Publisher","Spacy Industrial","1"
"Publisher","Evoga","1"
"Publisher","Paradise","1"
"Publisher","Novarmatic","1"
"Publisher","Jeil Computer System","1"
"Publisher","Saero Entertainment","1"
"Publisher","Jackson","1"
"Publisher","Clarue (Komax license)","1"
"Publisher","General Computer Corporation","1"
"Publisher","In Chang Electronic Co","1"
"Publisher","Triumph Software","1"
"Publisher","Bundra Games","1"
"Publisher","Orca (Esco Trading Co license)","1"
"Publisher","Poby / Virus","1"
"Publisher","E.F.O.","1"
"Publisher","Hanshin Goraku","1"
"Publisher","Sunwise","1"
"Publisher","Proma","1"
"Publisher","Sanki Denshi Kogyo","1"
"Publisher","Dong Gue La Mi","1"
"Publisher","Oksan","1"
"Publisher","Electronic Devices S.R.L.","1"
"Publisher","Daehyun Electronics","1"
"Publisher","Cosmo Electronics","1"
"Publisher","Crux","1"
"Publisher","Eterna","1"
"Publisher","Kato Seisakujo","1"
"Publisher","P&amp;P Marketing","1"
"Publisher","VEB Polytechnik Karl-Marx-Stadt","1"
"Publisher","Genie","1"
"Publisher","Unies","1"
"Publisher","Elettronolo","1"
"Publisher","Grayhound Electronics","1"
"Publisher","Mirage Technologies","1"
"Publisher","BrezzaSoft","1"
"Publisher","Four J International","1"
"Publisher","Microhard","1"
"Publisher","Noise Factory","1"
"Publisher","Computer Recreations","1"
"Publisher","Creative Electronics &amp; Software","1"
"Publisher","American Laser Games","1"
"Publisher","Star Fish","1"
"Publisher","OMK Software","1"
"Publisher","Topis","1"
"Publisher","Techstar (Telko license)","1"
"Publisher","Terminal","1"
"Publisher","Human Amusement","1"
"Publisher","Videa","1"
"Publisher","Apple","1"
"Publisher","Andamiro","1"
"Publisher","Dinamic Multimedia","1"
"Publisher","I.G.R.","1"
"Publisher","Denki Onkyo","1"
"Publisher","Oksan / F2 System","1"
"Publisher","D.R. Korea","1"
"Publisher","NIX?","1"
"Publisher","E.G. Felaco (Domino license)","1"
"Publisher","ACE International","1"
"Publisher","Cave","1"
"Publisher","Acom","1"
"Publisher","Roberto Bacchilega","1"
"Publisher","Nova Games","1"
"Publisher","Zenitone","1"
"Publisher","Hara Industries","1"
"Publisher","Falcon","1"
"Publisher","Global","1"
"Publisher","K.K. Tokki","1"
"Publisher","Sammy","1"
"Publisher","Mondial Games","1"
"Publisher","Yanyaka","1"
"Publisher","Techstar (Sunn license)","1"
"Publisher","Amuse","1"
"Publisher","Olympia / Seletron","1"
"Publisher","Stern Electronics","1"
"Publisher","G.T Enterprise","1"
"Publisher","Kee Games","1"
"Publisher","Diatec","1"
"Publisher","Grand Products","1"
"Publisher","GamToU","1"
"Publisher","Danbi System","1"
"Publisher","Sesame Japan","1"
"Publisher","Yang Cheng","1"
"Publisher","Lucasfilm Games","1"
"Publisher","Wing","1"
"Publisher","Orca (Esco Trading Co)","1"
"Publisher","Induction Produce","1"
"Publisher","Super Mega","1"
"Publisher","J.Y. Company","1"
"Publisher","Lost Levels","1"
"Publisher","Ancient","1"
"Publisher","Sur de Wave","1"
"Publisher","TXC","1"
"Publisher","Bit","1"
"Publisher","Tradewest Sports","1"
"Publisher","Sharp","1"
"Publisher","Sun Team Electronic","1"
"Publisher","Daewoo","1"
"Publisher","BIC","1"
"Publisher","Shenzhen Nanjing Technology","1"
"Publisher","G.O.1","1"
"Publisher","Mega Soft","1"
"Publisher","NGD Studios","1"
"Publisher","Login","1"
"Publisher","BPS","1"
"Publisher","Victor Ongaku Sangyou","1"
"Publisher","Pixel","1"
"Publisher","DreamTech","1"
"Publisher","Gametec","1"
"Publisher","RCM Group","1"
"Publisher","Intv","1"
"Publisher","Hitech Productions","1"
"Publisher","M&amp;M","1"
"Publisher","RacerMate","1"
"Publisher","Bridgestone Multimedia Group","1"
"Publisher","Bit Corp","1"
"Publisher","Spike Chunsoft","1"
"Publisher","CSG Imagesoft","1"
"Publisher","Infocom","1"
"Publisher","Dragon","1"
"Publisher","The Oliver Twins","1"
"Publisher","Yasuda insurance company","1"
"Publisher","Little Dr.","1"
"Publisher","Whirlwind Manu","1"
"Publisher","Hi-Score Media Work","1"
"Publisher","Mimi-Pro","1"
"Publisher","I2 (Aitsu)","1"
"Publisher","Kokuzeichou","1"
"Publisher","Akson Software","1"
"Publisher","Nova Co","1"
"Publisher","Telstar","1"
"Publisher","Japan System Supply","1"
"Publisher","Altus","1"
"Publisher","Asuka Technologies","1"
"Publisher","Pocket Money Software","1"
"Publisher","Blizzard Entertainment","1"
"Publisher","NTV International Corporation","1"
"Publisher","Twilight Games","1"
"Publisher","SibGame","1"
"Publisher","Laguna Videospiele Vertriebs &amp; Marketing","1"
"Publisher","BLACKLABEL","1"
"Publisher","Panther Software","1"
"Publisher","Funsoft","1"
"Publisher","Philips Interactive Media","1"
"Publisher","Supersonic Software","1"
"Publisher","Shingakusha","1"
"Publisher","NTV International","1"
"Publisher","Hori","1"
"Publisher","Mahou","1"
"Publisher","Starbyte Software","1"
"Publisher","Tom Create","1"
"Publisher","Nippon Clary Business","1"
"Publisher","Playtronic","1"
"Publisher","Capstone Software","1"
"Publisher","Sphere","1"
"Publisher","Visual Concepts","1"
"Publisher","Nuvision Entertainment","1"
"Publisher","Unite Lucky Technology","1"
"Publisher","The Bitmap Brothers","1"
"Publisher","Adrenalin Interactive","1"
"Publisher","Advanced Microcomputer Systems","1"
"Publisher","King Tec Information","1"
"Publisher","Imagic","1"
"Publisher","Skyworks Studios","1"
"Publisher","Jumbo Team","1"
"Publisher","Dynamix","1"
"Publisher","Stormfront Studios","1"
"Publisher","City Man Technology","1"
"Publisher","NHK Software","1"
"Publisher","Sansan","1"
"Publisher","Supervision Entertainment","1"
"Publisher","Sega Technical Institute","1"
"Publisher","Sega Enterprises","1"
"Publisher","Jazz Dark","1"
"Publisher","Probe Entertainment","1"
"Publisher","Microsmiths","1"
"Publisher","Kudos","1"
"Publisher","Strategic Simulations","1"
"Publisher","Wonder Amusement","1"
"Publisher","Samsung","1"
"Publisher","UNIPACC","1"
"Publisher","Senchi Technology","1"
"Publisher","Front Street Publishing","1"
"Publisher","Teichiku","1"
"Publisher","Mc O'River","1"
"Publisher","Affect","1"
"Publisher","Japan Art Media","1"
"Publisher","Sammy Studios","1"
"Publisher","Right Stuff","1"
"Publisher","Micro World","1"
"Publisher","Media Works","1"
"Publisher","Life Fitness","1"
"Publisher","Big Toe Software","1"
"Publisher","HappySoft","1"
"Publisher","Ajinomoto","1"
"Publisher","LodgeNet","1"
"Publisher","Flair Software","1"
"Publisher","Intec","1"
"Publisher","Syscom","1"
"Publisher","Crea-tech","1"
"Publisher","Rumic Soft","1"
"Publisher","Eware","1"
"Publisher","JAP!","1"
"Publisher","Outrigger Koubou","1"
"Publisher","Maxis Software","1"
"Publisher","Realtime Associates","1"
"Publisher","Mitsui Fudosan","1"
"Publisher","Second Dimension","1"
"Publisher","Cybersoft","1"
"Publisher","American Technos","1"
"Publisher","Traveller's Tales","1"
"Publisher","ORIGIN Systems","1"
"Publisher","Misawa","1"
"Publisher","Westwood  Studios","1"
"Publisher","Working Designs","1"
"Publisher","Datt Japan","1"
"Publisher","Hookstone","1"
"Publisher","Mainichi Communications","1"
"Publisher","Riverhillsoft","1"
"Publisher","Sieg","1"
"Publisher","General Entertainment","1"
"Publisher","Bandai Visual","1"
"Publisher","OCC","1"
"Publisher","Sims","1"
"Publisher","Nihon Syscom","1"
"Publisher","Digital Pictures","1"
"Publisher","Shoeisha","1"
"Publisher","Protest Design","1"
"Publisher","Marigul","1"
"Publisher","MGM Interactive","1"
"Publisher","Amtex","1"
"Publisher","Rockstar North","1"
"Publisher","Michael Searl","1"
"Publisher","UFO Interactive","1"
"Publisher","AKI Corporation","1"
"Publisher","Mobius Entertainment","1"
"Publisher","The Learning Company","1"
"Publisher","Omega Micott","1"
"Publisher","Broccoli","1"
"Publisher","Kiddinx Entertainment","1"
"Publisher","Global A Entertainment","1"
"Publisher","Bonsai Entertainment","1"
"Publisher","Creatures","1"
"Publisher","Media Group","1"
"Publisher","Now Production","1"
"Publisher","CyberFront Corporation","1"
"Publisher","Digital Eclipse","1"
"Publisher","PFX Interactive","1"
"Publisher","Magellan Interactive","1"
"Publisher","Never released","1"
"Publisher","Sound Source","1"
"Publisher","Sunrise Interactive","1"
"Publisher","Lay-Up","1"
"Publisher","WizardWorks","1"
"Publisher","Incube8 Games","1"
"Publisher","Elf","1"
"Publisher","ASC Games","1"
"Publisher","Knowledge Adventure","1"
"Publisher","Shin'en Multimedia","1"
"Publisher","Dazz","1"
"Publisher","Sting Entertainment","1"
"Publisher","Alphastar","1"
"Publisher","Agathe","1"
"Publisher","Interactive Imagination","1"
"Publisher","swing interactive","1"
"Publisher","Inforgrames","1"
"Publisher","Evolution Entertainment srl.","1"
"Publisher","NEC Interchannel","1"
"Publisher","The Pokémon Company","1"
"Publisher","Carapace","1"
"Publisher","SesameWorkshop","1"
"Publisher","Crawfish Interactive","1"
"Publisher","Agetec","1"
"Publisher","Vial One","1"
"Publisher","Hitek","1"
"Publisher","Aqua Pacific","1"
"Publisher","Encore","1"
"Publisher","KAZe","1"
"Publisher","Gathering of Developpers","1"
"Publisher","Bimboosoft","1"
"Publisher","Club Acclaim","1"
"Publisher","Hack Berry","1"
"Publisher","U.F.O. Interactive","1"
"Publisher","Random House","1"
"Publisher","Idea Factory","1"
"Publisher","Redspotgames","1"
"Publisher","Eon Digital Entertainment","1"
"Publisher","Vivarium","1"
"Publisher","NEC","1"
"Publisher","Alfa System","1"
"Publisher","TLC Multimedia","1"
"Publisher","Triangle Service","1"
"Publisher","The Goat Store","1"
"Publisher","Epitech Console Laberatory","1"
"Publisher","FromSoftware","1"
"Publisher","AAA Game","1"
"Publisher","CaramelPot","1"
"Publisher","Kool Kizz Amusement Works","1"
"Publisher","Bethesda Softworks","1"
"Publisher","Takuyo","1"
"Publisher","Aspyr","1"
"Publisher","Foxysofts","1"
"Publisher","DC Studios","1"
"Publisher","Lego Interactive","1"
"Publisher","Shibuya Interactive","1"
"Publisher","Barking Lizards","1"
"Publisher","Media Kite","1"
"Publisher","Stadlbauer","1"
"Publisher","PCCW","1"
"Publisher","New Game Color Advance","1"
"Publisher","AIA","1"
"Publisher","Gotham Games","1"
"Publisher","MediaKite","1"
"Publisher","Edge Interact","1"
"Publisher","Scholastic","1"
"Publisher","Daiwon C&amp;A","1"
"Publisher","Warner Bros. Games","1"
"Publisher","CokeM Interactive","1"
"Publisher","DHG games","1"
"Publisher","KOCH Media","1"
"Publisher","Trend Verlag","1"
"Publisher","Quantized Bit","1"
"Publisher","DTP Young Entertainment","1"
"Publisher","Digital Illusions","1"
"Publisher","Jamie Woodhouse","1"
"Publisher","Titus Interactive","1"
"Publisher","Vast Fame","1"
"Publisher","Bold Games","1"
"Publisher","AIC Spirits","1"
"Publisher","SG Diffusion","1"
"Publisher","Black Label Games","1"
"Publisher","Virtual Toys","1"
"Publisher","Mastiff","1"
"Publisher","Symmetry Entertainment","1"